CRS,Description
AAP,ALEXANDRA PALACE
AAT,ACHANALT
ABA,ABERDARE
ABC,ALTNABREAC
ABD,ABERDEEN
ABE,ABER
ABF,ASHURST BALD FACE STAG P.H
ABH,ABERERCH
ABW,ABBEY WOOD
ABX,ABBEY WOOD (CROSSRAIL)
ABY,ASHBURYS
ACB,ACTON BRIDGE
ACC,ACTON CENTRAL
ACG,ACOCKS GREEN
ACH,ACHNASHELLACH
ACK,ACKLINGTON
ACL,ACLE
ACN,ACHNASHEEN
ACR,ACCRINGTON
ACT,ASCOT
ACY,ABERCYNON
ADC,ADLINGTON (CHESHIRE)
ADD,ADDERLEY PARK
ADK,ARDWICK
ADL,ADLINGTON (LANCASHIRE)
ADM,ADISHAM
ADN,ARDROSSAN TOWN
ADR,AIRDRIE
ADS,ARDROSSAN HARBOUR
ADV,ANDOVER
ADW,ADDIEWELL
AFD,ABERFFRWD
AFK,ASHFORD INTERNATIONAL
AFS,ASHFORD (MIDDLESEX)
AFV,ANSDELL & FAIRHAVEN
AGL,ABERGELE & PENSARN
AGS,ARGYLE STREET
AGT,ALDRINGTON
AGV,ABERGAVENNY
AHD,ASHTEAD
AHN,ASHTON-UNDER-LYNE
AHS,ASHURST
AHT,ALDERSHOT
AHV,ASH VALE
AIG,AIGBURTH
AIN,AINTREE
AIR,AIRBLES
ALB,ALBRIGHTON
ALD,ALDERLEY EDGE
ALE,LIVERPOOL SOUTH PW HL
ALF,ALFRETON
ALG,ALDEBURGH
ALK,ASLOCKTON
ALM,ALNMOUTH FOR ALNWICK
ALN,ALTHORNE
ALO,ALLOA
ALP,ALTHORPE
ALR,ALRESFORD (ESSEX)
ALT,ALTRINCHAM
ALV,ALVECHURCH
ALW,ALLENS WEST
ALX,ALEXANDRIA
AMB,AMBERGATE
AMD,AMPFIELD (SCHOOL)
AMF,AMMANFORD
AMI,AMIENS
AML,ACTON MAIN LINE
AMR,AMERSHAM
AMS,AMSTERDAM C.S.
AMT,ALDERMASTON
AMW,AMLWCH
AMY,AMBERLEY
ANC,ANCASTER
AND,ANDERSTON
ANF,ASHURST NEW FOREST
ANG,ANGMERING
ANH,ANCHORAGE (METROLINK)
ANL,ANNIESLAND
ANN,ANNAN
ANS,AINSDALE
ANZ,ANERLEY
AON,ALTON
APB,APPLEY BRIDGE
APD,APPLEDORE (KENT)
APF,APPLEFORD
APG,ASPLEY GUISE
APN,AIRPORT (NEWCASTLE)
APP,APPLEBY
APS,APSLEY
APY,APPERLEY BRIDGE
ARA,ARMADALE (SKYE)
ARB,ARBROATH
ARD,ARDGAY
ARF,ALRESFORD
ARG,ARISAIG
ARL,ARLESEY
ARM,ARMADALE
ARN,ARNSIDE
ARP,ALVECHURCH RED LION PUB
ARR,ARRAM
ART,ARROCHAR & TARBET
ARU,ARUNDEL
ARW,ARKLOW
ARZ,ARUNDEL LONDON ROAD
ASB,ARDROSSAN SOUTH BEACH
ASC,ASHCHURCH FOR TEWKESBURY
ASF,ASHFIELD
ASG,ALSAGER
ASH,ASH
ASI,ASHFORD INTERNATIONAL
ASK,ASKAM
ASN,ADDLESTONE
ASP,ASPATRIA
ASS,ALNESS
AST,ASTON
ASY,ASHLEY
ATB,ATTENBOROUGH
ATE,ATTERCLIFFE
ATH,ATHERSTONE
ATL,ATTLEBOROUGH
ATN,ATHERTON
ATT,ATTADALE
ATW,ALTON TOWERS
AUD,AUDLEY END
AUG,AUGHTON PARK
AUI,ARDLUI
AUK,AUCHINLECK
AUR,ABERDOUR
AUW,ASCOTT-UNDER-WYCHWOOD
AVF,AVONCLIFF
AVI,AVIGNON C M T
AVM,AVIEMORE
AVN,AVONMOUTH
AVP,AYLESBURY VALE PARKWAY
AVY,ABERDOVEY
AWK,ADWICK
AWM,ASHWELL & MORDEN
AWT,ARMATHWAITE
AXM,AXMINSTER
AXP,ALEXANDRA PARADE
AYH,AYLESHAM
AYL,AYLESFORD
AYP,ALBANY PARK
AYR,AYR
AYS,AYLESBURY
AYW,ABERYSTWYTH
BAA,BARNHAM
BAB,BALCOMBE
BAC,BACHE
BAD,BANSTEAD
BAG,BAGSHOT
BAH,BANK HALL
BAI,BLAIRHILL
BAJ,BAGLAN
BAK,BATTERSEA PARK
BAL,BALHAM
BAM,BAMFORD
BAN,BANBURY
BAR,BARE LANE
BAS,BERE ALSTON
BAT,BATTLE
BAU,BARTON-ON-HUMBER
BAV,BARROW HAVEN
BAW,BLACKWATER
BAY,BAYFORD
BBG,BISHOPBRIGGS
BBK,BILBROOK
BBL,BAT & BALL
BBN,BLACKBURN
BBR,BETTEMBOURG
BBS,BORDESLEY
BBW,BERRY BROW
BCB,BURSCOUGH BRIDGE
BCC,BECCLES
BCE,BRACKNELL
BCF,BEACONSFIELD
BCG,BIRCHGROVE
BCH,BIRCHINGTON-ON-SEA
BCJ,BURSCOUGH JUNCTION
BCK,BUCKLEY
BCN,BRANCHTON
BCS,BICESTER NORTH
BCU,BROCKENHURST
BCV,BRUCE GROVE
BCW,BLAENCWM
BCY,BROCKLEY
BDA,BRUNDALL
BDB,BROADBOTTOM
BDC,BRODICK
BDD,BROADFORD
BDF,BODMIN MOUNT FOLLY
BDG,BRIDGETON
BDH,BEDHAMPTON
BDI,BRADFORD INTERCHANGE
BDK,BALDOCK
BDL,BIRKDALE
BDM,BEDFORD
BDN,BRADING
BDQ,BRADFORD FORSTER SQUARE
BDS,BOND STREET
BDT,BRIDLINGTON
BDW,BEDWYN
BDY,BREDBURY
BDZ,BORDON CAMP (FIRE STATION)
BEA,BRIDGE OF ALLAN
BEB,BEBINGTON
BEC,BECKENHAM HILL
BEE,BEESTON
BEF,BENFLEET
BEG,BELTRING
BEH,BEDWORTH
BEL,BEAULY
BEM,BEMPTON
BEN,BENTHAM
BEO,BRECON
BEP,BERMUDA PARK
BER,BEARLEY
BES,BESCAR LANE
BET,BETHNAL GREEN
BEU,BEAULIEU ROAD
BEV,BEVERLEY
BEW,BEWDLEY
BEX,BEXHILL
BEY,BEN RHYDDING
BFA,BELFAST PORT
BFB,BELFORD BUS
BFC,BELFAST CENTRAL
BFD,BRENTFORD
BFE,BERE FERRERS
BFF,BLAENAU FFESTINIOG
BFL,BUCKFASTLEIGH
BFN,BYFLEET & NEW HAW
BFQ,BELFAST DONEGALL QUAY
BFR,LONDON BLACKFRIARS
BGA,BRUNDALL GARDENS
BGD,BARGOED
BGE,BROAD GREEN
BGG,BRIGG
BGH,BRIGHOUSE
BGI,BARGEDDIE
BGL,BUGLE
BGM,BELLINGHAM
BGN,BRIDGEND
BGR,BOAT OF GARTEN
BGS,BOGSTON
BGV,BARKING RIVERSIDE
BHA,BOURNEMOUTH HURN AIRPORT
BHC,BALLOCH
BHD,BRITHDIR
BHG,BATHGATE
BHI,BIRMINGHAM INTERNATIONAL
BHK,BUSH HILL PARK
BHM,BIRMINGHAM NEW STREET
BHO,BLACKHORSE ROAD
BHP,BLENHEIM PALACE
BHR,BUILTH ROAD
BHS,BROCKHOLES
BIA,BISHOP AUCKLAND
BIB,BISHOPS LYDEARD WS RWY
BIC,BILLERICAY
BID,BIDSTON
BIF,BARROW-IN-FURNESS
BIG,BILLINGSHURST
BIK,BIRKBECK
BIL,BILLINGHAM
BIN,BINGHAM
BIO,BAILLIESTON
BIP,BISHOPSTONE
BIS,BISHOPS STORTFORD
BIT,BICESTER VILLAGE
BIW,BIGGLESWADE
BIY,BINGLEY
BKA,BOOKHAM
BKC,BIRKENHEAD CENTRAL
BKD,BLAKEDOWN
BKG,BARKING
BKH,BLACKHEATH
BKI,BIRKENHEAD 12 QUAYS
BKJ,BECKENHAM JUNCTION
BKL,BICKLEY
BKM,BERKHAMSTED
BKN,BIRKENHEAD NORTH
BKO,BROOKWOOD
BKP,BIRKENHEAD PARK
BKQ,HAMILTON SQUARE
BKR,BLACKRIDGE
BKS,BEKESBOURNE
BKT,BLAKE STREET
BKV,BOWKER VALE
BKW,BERKSWELL
BKZ,BAKEWELL SQUARE
BLA,BLAIR ATHOLL
BLB,BATTLESBRIDGE
BLD,BAILDON
BLE,BRAMLEY
BLG,BELLGROVE
BLH,BELLSHILL
BLK,BLACKROD
BLL,BARDON MILL
BLM,BELMONT
BLN,BLUNDELLSANDS & CROSBY
BLO,BLAYDON
BLP,BELPER
BLT,BLANTYRE
BLV,BELLE VUE
BLW,BULWELL
BLX,BLOXWICH
BLY,BLETCHLEY
BLZ,BLAENRHONDDA
BMB,BAMBER BRIDGE
BMC,BROMLEY CROSS
BMD,BRIMSDOWN
BME,BROOME
BMF,BROOMFLEET
BMG,BARMING
BMH,BOURNEMOUTH
BMK,BURNHAM MARKET
BML,BRAMHALL
BMN,BROMLEY NORTH
BMO,BIRMINGHAM MOOR STREET
BMP,BRAMPTON (CUMBRIA)
BMR,BROMBOROUGH RAKE
BMS,BROMLEY SOUTH
BMT,BEDMINSTER
BMV,BROMSGROVE
BMY,BRAMLEY (HANTS)
BNA,BURNAGE
BNC,BURNLEY CENTRAL
BND,BRANDON
BNE,BOURNE END
BNF,BRITON FERRY
BNG,BANGOR (GWYNEDD)
BNH,BARNEHURST
BNI,BARNES BRIDGE
BNJ,BONN HBF
BNL,BARNHILL
BNM,BURNHAM
BNO,BENTON (METRO)
BNP,BARNSTAPLE
BNR,BROCKLEY WHINS
BNS,BARNES
BNT,BRINNINGTON
BNV,BANAVIE
BNW,BOOTLE NEW STRAND
BNX,BARNSLEY INTERCHANGE
BNY,BARNSLEY
BOA,BRADFORD-ON-AVON
BOB,BESSES-O'-TH'-BARN
BOC,BOOTLE
BOD,BODMIN PARKWAY
BOE,BOTLEY
BOG,BOGNOR REGIS
BOH,BOSHAM
BOK,BROOKLANDS
BOM,BROMBOROUGH
BON,BOLTON
BOP,BOWES PARK
BOR,BODORGAN
BOT,BOOTLE ORIEL ROAD
BOU,BOULOGNE MARITIME
BOW,BOW STREET
BOX,BORDEAUX ST. JEAN
BPB,BLACKPOOL PLEASURE BEACH
BPK,BROOKMANS PARK
BPL,BARLASTON ORCHARD PLACE
BPN,BLACKPOOL NORTH
BPS,BLACKPOOL SOUTH
BPT,BISHOPTON
BPW,BRISTOL PARKWAY
BRA,BRORA
BRC,BREICH
BRD,BROADWAY (METROLINK)
BRE,BRENTWOOD
BRF,BRIERFIELD
BRG,BOROUGH GREEN & WROTHAM
BRH,BORTH
BRI,BRISTOL TEMPLE MEADS
BRK,BERWICK
BRL,BARRHILL
BRM,BARMOUTH
BRN,BEARSDEN
BRO,BRIDGE OF ORCHY
BRP,BRAMPTON (SUFFOLK)
BRR,BARRHEAD
BRS,BERRYLANDS
BRT,BARLASTON
BRU,BRUTON
BRV,BOURNVILLE
BRW,BRUNSWICK
BRX,BRIXTON
BRY,BARRY
BSB,BLEASBY
BSC,BESCOT STADIUM
BSD,BEARSTED
BSE,BURY ST EDMUNDS
BSH,BUSHEY
BSI,BALMOSSIE
BSJ,BEDFORD ST JOHNS
BSK,BASINGSTOKE
BSL,BEASDALE
BSM,BRANKSOME
BSN,BOSTON
BSO,BASILDON
BSP,BRONDESBURY PARK
BSR,BROADSTAIRS
BSS,BARASSIE
BST,BISHOPSTONE (HILL RISE)
BSU,BRUNSTANE
BSV,BUCKSHAW PARKWAY
BSW,BIRMINGHAM SNOW HILL
BSY,BRONDESBURY
BTB,BARNETBY
BTD,BOLTON-UPON-DEARNE
BTE,BITTERNE
BTF,BOTTESFORD
BTG,BARNT GREEN
BTH,BATH SPA
BTL,BATLEY
BTN,BRIGHTON
BTO,BETCHWORTH
BTP,BRAINTREE FREEPORT
BTR,BRAINTREE
BTS,BURNTISLAND
BTT,BATTERSBY
BTY,BENTLEY
BUA,BUDE STRAND
BUB,BURNLEY BARRACKS
BUC,BUCKENHAM
BUD,BURNESIDE
BUE,BURES
BUG,BURGESS HILL
BUH,BROUGH
BUI,BURNSIDE
BUJ,BURTON JOYCE
BUK,BUCKNELL
BUL,BUTLERS LANE
BUM,BOCHUM HBF
BUO,BURSLEDON
BUR,BURY
BUS,BUSBY
BUT,BURTON-ON-TRENT
BUU,BURNHAM-ON-CROUCH
BUW,BURLEY-IN-WHARFEDALE
BUX,BUXTON
BUY,BURLEY PARK
BUZ,BUXTON (MARKET PLACE)
BVD,BELVEDERE
BWB,BOW BRICKHILL
BWD,BIRCHWOOD
BWG,BOWLING
BWK,BERWICK-UPON-TWEED
BWN,BLOXWICH NORTH
BWO,BRICKET WOOD
BWS,BARROW UPON SOAR
BWT,BRIDGWATER
BXB,BROXBOURNE
BXD,BUXTED
BXH,BEXLEYHEATH
BXS,BRUXELLES MIDI
BXW,BOX HILL & WESTHUMBLE
BXX,BOXHILL BURFORD BDGE HOTEL
BXY,BEXLEY
BYA,BERNEY ARMS
BYB,BLYTHE BRIDGE
BYC,BETWS-Y-COED
BYD,BARRY DOCKS
BYE,BYNEA
BYF,BROUGHTY FERRY
BYI,BARRY ISLAND
BYK,BENTLEY (S.YORKS)
BYL,BARRY LINKS
BYM,BURNLEY MANCHESTER ROAD
BYN,BRYN
BYS,BRAYSTONES
BZY,BRAY
CAA,COVENTRY ARENA
CAB,CARN BREA
CAC,CALDERCRUIX
CAD,CADOXTON
CAE,CARBROOK
CAG,CARRBRIDGE
CAK,CARK
CAL,CALAIS MARITIME
CAM,CAMBERLEY
CAN,CARNOUSTIE
CAO,CANNOCK
CAQ,CASTLE HOWARD
CAR,CARLISLE
CAS,CASTLETON
CAT,CATERHAM
CAU,CAUSELAND
CAX,CASTLE SQUARE
CAY,CARNTYNE
CAZ,CATTERICK GARRISON KEMMEL
CBB,CARBIS BAY
CBC,COATBRIDGE CENTRAL
CBD,CONON BRIDGE
CBE,CANTERBURY EAST
CBG,CAMBRIDGE
CBH,CAMBRIDGE HEATH
CBK,CRANBROOK
CBL,CAMBUSLANG
CBN,CAMBORNE
CBP,CASTLE BAR PARK
CBR,COOKSBRIDGE
CBS,COATBRIDGE SUNNYSIDE
CBT,CAMPBELTOWN
CBW,CANTERBURY WEST
CBY,CHARLBURY
CBZ,CORBY GEORGE STREET
CCB,CARDIFF CENTRAL BUS STN
CCC,CRICCIETH
CCH,CHICHESTER
CCT,CATHCART
CDB,CARDIFF BAY
CDD,CARDENDEN
CDF,CARDIFF CENTRAL
CDI,CREDITON
CDN,COULSDON TOWN
CDO,CARDONALD
CDQ,CARDIFF QUEEN STREET
CDR,CARDROSS
CDS,COULSDON SOUTH
CDT,CALDICOT
CDU,CAM & DURSLEY
CDY,CARTSDYKE
CEA,CLELAND
CED,CHEDDINGTON
CEF,CHAPEL-EN-LE-FRITH
CEH,COLESHILL PARKWAY
CEL,CHELFORD
CER,CERBERE
CES,CRESSING
CET,COLCHESTER TOWN
CEY,CONONLEY
CFB,CATFORD BRIDGE
CFC,CORFE CASTLE (SWANAGE R)
CFD,CASTLEFORD
CFF,CROFTFOOT
CFH,CHAFFORD HUNDRED
CFL,CROSSFLATTS
CFN,CLIFTON DOWN
CFO,CHALFONT & LATIMER
CFR,CHANDLERS FORD
CFT,CROFTON PARK
CGD,CRAIGENDORAN
CGM,COTTINGHAM
CGN,COGAN
CGT,CATTERICK GARRISON TESCO
CGW,CAERGWRLE
CHC,CHARING CROSS
CHD,CHESTERFIELD
CHE,CHEAM
CHF,CHURCH FENTON
CHG,CHARING
CHH,CHRISTS HOSPITAL
CHI,CHINGFORD
CHK,CHISWICK
CHL,CHILWORTH
CHM,CHELMSFORD
CHN,CHESHUNT
CHO,CHOLSEY
CHP,CHIPSTEAD
CHR,CHRISTCHURCH
CHS,CHURSTON T&D RLY
CHT,CHATHILL
CHU,CHEADLE HULME
CHV,CHARLEVILLE-MEZIERES
CHW,CHALKWELL
CHX,LONDON CHARING CROSS
CHY,CHERTSEY
CIC,PARK LANE (SUNDERLAND)
CIL,CHILHAM
CIM,CILMERI
CIN,CRICKET INN ROAD
CIR,CALEDONIAN RD & BARNSBURY
CIT,CHISLEHURST
CKH,CORKERHILL
CKL,CORKICKLE
CKN,CREWKERNE
CKS,CLARKSTON
CKT,CROOKSTON
CKU,CARRICK-ON-SUIR
CKY,CROSS KEYS
CLA,CLANDON
CLC,CASTLE CARY
CLD,CHELSFIELD
CLE,CLEETHORPES
CLG,CLAYGATE
CLH,CLITHEROE
CLI,CLIFTON
CLJ,CLAPHAM JUNCTION
CLK,CLOCK HOUSE
CLL,COLLINGTON
CLM,COLLINGHAM
CLN,CHAPELTOWN
CLO,COLL
CLP,CLAPHAM HIGH STREET
CLR,CLARBESTON ROAD
CLS,CHESTER-LE-STREET
CLT,CLACTON-ON-SEA
CLU,CARLUKE
CLV,CLAVERDON
CLW,CHORLEYWOOD
CLX,CLONMEL
CLY,CHINLEY
CMB,CAMBRIDGE NORTH
CMC,CHAMBERY-CHALLES-LES-EAUX
CMD,CAMDEN ROAD
CME,COMBE
CMF,CROMFORD
CMH,CWMBACH
CML,CARMYLE
CMN,CARMARTHEN
CMO,CAMELON
CMR,CROMER
CMY,CROSSMYLOOF
CNA,CANNA
CNE,COLNE
CNF,CARNFORTH
CNG,CONGLETON
CNL,CANLEY
CNM,CHELTENHAM SPA
CNN,CANONBURY
CNO,CHETNOLE
CNP,CONWAY PARK
CNR,CRIANLARICH
CNS,CONISBROUGH
CNW,CONWY
CNY,CANTLEY
COA,COATDYKE
COB,COODEN BEACH
COC,COWDEN CROSSROADS
COE,COOMBE JUNCTION HALT
COF,CORK RINGASKIDDY FERRYPORT
COH,CROWBOROUGH
COI,CROSSHILL
COK,CORK
COL,COLCHESTER
COM,COMMONDALE
CON,CONNEL FERRY
COO,COOKHAM
COP,COPPLESTONE
COR,CORBY
COS,COSFORD
COT,COTTINGLEY
COV,COVENTRY
COW,COWDENBEATH
COX,COCKERMOUTH (MAIN STREET)
COY,CORYTON
COZ,CORNBROOK (METROLINK)
CPA,CORPACH
CPB,CAPEL BANGOR
CPG,CHIPPING NORTON WEST ST
CPH,CAERPHILLY
CPK,CARPENDERS PARK
CPM,CHIPPENHAM
CPN,CHAPELTON
CPS,COWPLAIN (SHOPS)
CPT,CLAPTON
CPU,CAPENHURST
CPW,CHEPSTOW
CPY,CLAPHAM (NTH YORKSHIRE)
CRA,CRADLEY HEATH
CRB,CORBRIDGE
CRC,CHELTENHAM RACECOURSE
CRD,CHESTER ROAD
CRE,CREWE
CRF,CARFIN
CRG,CROSS GATES
CRH,CROUCH HILL
CRI,CRICKLEWOOD
CRJ,CRUMPSALL
CRK,CHIRK
CRL,CHORLEY
CRM,CRAMLINGTON
CRN,CROWTHORNE
CRO,CROY
CRP,CAIRNRYAN (LOCH RYAN PORT)
CRR,CORROUR
CRS,CARSTAIRS
CRT,CHARTHAM
CRU,CRAIGNURE
CRV,CRAVEN ARMS
CRW,CRAWLEY
CRY,CRAYFORD
CSA,COSHAM
CSB,CARSHALTON BEECHES
CSD,COBHAM & STOKE D'ABERNON
CSG,CRESSINGTON
CSH,CARSHALTON
CSK,CALSTOCK
CSL,CODSALL
CSM,CASTLETON MOOR
CSN,CHESSINGTON NORTH
CSO,CROSTON
CSQ,CAERAU (SQUARE)
CSR,CHASSEN ROAD
CSS,CHESSINGTON SOUTH
CST,LONDON CANNON STREET
CSW,CHESTFIELD & SWALECLIFFE
CSY,COSELEY
CTB,CASTLEBAY
CTE,CHATELHERAULT
CTF,CATFORD
CTH,CHADWELL HEATH
CTK,CITY THAMESLINK
CTL,CATTAL
CTM,CHATHAM
CTN,CHARLTON
CTO,CARLTON
CTR,CHESTER
CTT,CHURCH STRETTON
CTW,CHURCH & OSWALDTWISTLE
CUA,CULRAIN
CUB,CUMBERNAULD
CUD,CUDDINGTON
CUF,CUFFLEY
CUH,CURRIEHILL
CUL,CUMBRAE SLIP
CUM,CULHAM
CUP,CUPAR
CUS,CUSTOM HOUSE
CUW,CLUNDERWEN
CUX,CUXTON
CVG,CHARLBURY VILLAGE
CWB,COLWYN BAY
CWC,CHAPPEL & WAKES COLNE
CWD,CRESWELL (DERBYS)
CWE,CROWLE
CWH,CREWS HILL
CWL,COLWALL
CWM,CWMBRAN
CWN,COWDEN
CWS,CAERSWS
CWU,CROWHURST
CWX,CANARY WHARF
CYA,COLONSAY
CYB,CEFN-Y-BEDD
CYH,CHERRY HINTON
CYK,CLYDEBANK
CYN,CYNGHORDY
CYP,CRYSTAL PALACE
CYS,CATHAYS
CYT,CHERRY TREE
DAG,DALGETY BAY
DAK,DALMARNOCK
DAL,DALMALLY
DAM,DALMENY
DAN,DARNALL
DAR,DARLINGTON
DAT,DATCHET
DAX,DAX
DBB,DOBBS BROW
DBC,DUMBARTON CENTRAL
DBD,DENBY DALE
DBE,DUMBARTON EAST
DBG,MOTTISFONT & DUNBRIDGE
DBL,DUNBLANE
DBR,DERBY ROAD
DBY,DERBY
DCG,DUNCRAIG
DCH,DORCHESTER SOUTH
DCL,DUBLIN CONNOLLY
DCT,DANESCOURT
DCW,DORCHESTER WEST
DDB,DUN LAOGHAIRE MALIN
DDG,DORRIDGE
DDK,DAGENHAM DOCK
DDP,DUDLEY PORT
DEA,DEAL
DEB,DEREHAM MARKET PLACE
DEE,DUNDEE
DEN,DEAN
DEP,DEPTFORD
DEW,DEWSBURY
DFD,DARTFORD
DFE,DUNFERMLINE TOWN
DFI,DUFFIELD
DFL,DUNFERMLINE QUEEN MARGARET
DFP,DUBLIN FERRYPORT
DFR,DRUMFROCHAR
DFZ,DARFIELD ROUNDABOUT
DGC,DENHAM GOLF CLUB
DGL,DINGLE ROAD
DGS,DOUGLAS (ISLE OF MAN)
DGT,DEANSGATE
DGY,DEGANWY
DHM,DURHAM
DHN,DEIGHTON
DHS,DEN HAAG CS
DHT,DUBLIN HEUSTON
DID,DIDCOT PARKWAY
DIE,DIEPPE
DIG,DIGBY & SOWTON
DIN,DINGWALL
DIS,DISS
DKD,DUNKELD & BIRNAM
DKG,DORKING
DKR,DERKER (METRO)
DKT,DORKING WEST
DLE,DULOE (CAUSELAND)
DLG,DOLGARROG
DLH,DOLEHAM
DLJ,DALSTON JUNCTION STN ELL
DLK,DALSTON KINGSLAND
DLM,DELAMERE
DLO,DUN LAOGHAIRE
DLR,DALREOCH
DLS,DALSTON
DLT,DALTON
DLW,DALWHINNIE
DLY,DALRY
DMC,DRUMCHAPEL
DMF,DUMFRIES
DMG,DINAS RHONDDA
DMH,DILTON MARSH
DMK,DENMARK HILL
DMP,DUMPTON PARK
DMR,DALMUIR
DMS,DORMANS
DMY,DRUMRY
DND,DINSDALE
DNG,DUNTON GREEN
DNL,DUNLOP
DNM,DENHAM
DNN,DEAN LANE
DNO,DUNROBIN CASTLE
DNS,DINAS POWYS
DNT,DENT
DNY,DANBY
DOC,DOCKYARD
DOD,DODWORTH
DOL,DOLAU
DON,DONCASTER
DOR,DORE & TOTLEY
DOT,DUNSTON
DOW,DOWNHAM MARKET
DOZ,DONCASTER INTERCHANGE
DPD,DORKING DEEPDENE
DPS,DUBLIN PORT - STENA
DPT,DEVONPORT
DRD,DANE ROAD
DRF,DRIFFIELD
DRG,DRAYTON GREEN
DRI,DRIGG
DRM,DREM
DRN,DUIRINISH
DRO,DRONFIELD
DRT,DARTON
DRU,DRUMGELLOCH
DRY,DRAYTON MANOR PARK
DSL,DISLEY
DSM,DARSHAM
DST,DUKE STREET
DSY,DAISY HILL
DTG,DINTING
DTM,DORTMUND HBF
DTN,DENTON
DTW,DROITWICH SPA
DUD,DUDDESTON
DUE,DUNDEE WEST T.C.
DUI,DUISBURG HBF
DUL,DULLINGHAM
DUM,DUMBRECK
DUN,DUNBAR
DUO,DUNOON
DUR,DURRINGTON-ON-SEA
DUS,DUSSELDORF HBF
DUT,DUFFTOWN
DUU,DUNS
DVB,DEVIL'S BRIDGE
DVC,DOVERCOURT
DVH,DOVE HOLES
DVN,DAVENPORT
DVP,DOVER PRIORY
DVY,DOVEY JUNCTION
DWD,DOLWYDDELAN
DWL,DAWLISH
DWN,DARWEN
DWW,DAWLISH WARREN
DYC,DYCE
DYF,DYFFRYN ARDUDWY
DYP,DRAYTON PARK
DZY,DANZEY
EAD,EARLSFIELD
EAG,EAGLESCLIFFE
EAL,EALING BROADWAY
EAR,EARLEY
EAS,EARLSTON
EBA,EUXTON BALSHAW LANE
EBB,EBBW VALE TOWN
EBD,EBBSFLEET INTL (DOMESTIC)
EBF,EBBSFLEET INTERNATIONAL
EBK,EASTBROOK
EBL,EAST BOLDON
EBN,EASTBOURNE
EBR,EDENBRIDGE
EBS,EDINBURGH BUS STATION
EBT,EDENBRIDGE TOWN
EBV,EBBW VALE PARKWAY
ECC,ECCLES
ECL,ECCLESTON PARK
ECM,ECCLES (METROLINK)
ECP,ENERGLYN & CHURCHILL PARK
ECR,EAST CROYDON
ECS,ECCLES ROAD
ECW,EAST COWES
EDA,EDINBURGH AIRPORT
EDB,EDINBURGH
EDG,EDGE HILL
EDL,EDALE
EDN,EDEN PARK
EDP,EDINBURGH PARK
EDR,EDMONTON GREEN
EDW,EAST DULWICH
EDY,EAST DIDSBURY
EDZ,EDEN CAMP
EFF,EFFINGHAM JUNCTION
EFL,EAST FARLEIGH
EGF,EAST GARFORTH
EGG,EGGESFORD
EGH,EGHAM
EGN,EASTRINGTON
EGR,EAST GRINSTEAD
EGT,EGTON
EGY,EDINBURGH GATEWAY
EIG,EIGG
EKB,ESKBANK
EKL,EAST KILBRIDE
ELD,EARLSWOOD (SURREY)
ELE,ELMERS END
ELG,ELGIN
ELN,ELLAND
ELO,ELTON & ORSTON
ELP,ELLESMERE PORT
ELR,ELSECAR
ELS,ELSTREE & BOREHAMWOOD
ELW,ELTHAM
ELY,ELY
EMA,EAST MIDLANDS AIRPORT (BUS
EMD,EAST MIDLANDS PARKWAY
EML,EAST MALLING
EMP,EMERSON PARK
EMS,EMSWORTH
ENC,ENFIELD CHASE
ENF,ENFIELD TOWN
ENL,ENFIELD LOCK
ENS,ENNISCORTHY
ENT,ENTWISTLE
EPD,EPSOM DOWNS
EPH,ELEPHANT & CASTLE
EPS,EPSOM
ERA,EASTHAM RAKE
ERB,ERIDGE (A26 BUS STOP)
ERD,ERDINGTON
ERH,ERITH
ERI,ERIDGE
ERL,EARLESTOWN
ESD,ELMSTEAD WOODS
ESH,ESHER
ESL,EASTLEIGH
ESM,ELSENHAM
ESS,ESSEN HBF
EST,EASTERHOUSE
ESW,ELMSWELL
ETC,ETCHINGHAM
ETL,EAST TILBURY
EUS,LONDON EUSTON
EVE,EVESHAM
EWD,EARLSWOOD (WEST MIDLANDS)
EWE,EWELL EAST
EWR,EAST WORTHING
EWW,EWELL WEST
EXC,EXETER CENTRAL
EXD,EXETER ST DAVIDS
EXG,EXHIBITION CENTRE
EXM,EXMOUTH
EXN,EXTON
EXQ,EXCHANGE QUAY (METROLINK)
EXR,ESSEX ROAD
EXT,EXETER ST THOMAS
EYM,EYNSHAM CHURCH
EYN,EYNSFORD
FAL,FALMOUTH DOCKS
FAV,FAVERSHAM
FAZ,FAZAKERLEY
FBY,FORMBY
FCN,FALCONWOOD
FDX,FARRINGDON CROSSRAIL
FEA,FEATHERSTONE
FED,FERNDALE
FEG,FELLGATE
FEL,FELTHAM
FEN,FENNY STRATFORD
FER,FERNHILL
FFA,FFAIRFACH
FFD,FRESHFORD
FGH,FISHGUARD HARBOUR
FGT,FAYGATE
FGW,FISHGUARD & GOODWICK
FGY,FINNINGLEY
FIL,FILEY
FIN,FINSTOCK
FIT,FILTON ABBEY WOOD
FIZ,FITZALAN SQUARE
FKC,FOLKESTONE CENTRAL
FKE,FOLKESTONE EAST
FKG,FALKIRK GRAHAMSTON
FKH,FOLKESTONE HARBOUR
FKK,FALKIRK HIGH
FKW,FOLKESTONE WEST
FLD,FAULDHOUSE
FLE,FLEET
FLF,FLOWERY FIELD
FLI,FLIXTON
FLM,FLIMBY
FLN,FLINT
FLS,FAILSWORTH (METRO)
FLT,FLITWICK
FLW,FULWELL
FLX,FELIXSTOWE
FLZ,FLAMINGO LAND
FML,FRIMLEY
FMR,FALMER
FMT,FALMOUTH TOWN
FNB,FARNBOROUGH (MAIN)
FNC,FARNCOMBE
FNH,FARNHAM
FNI,NIMES
FNN,FARNBOROUGH NORTH
FNR,FARNINGHAM ROAD
FNT,FENITON
FNV,FURNESS VALE
FNW,FARNWORTH
FNY,FINCHLEY ROAD & FROGNAL
FOB,FORBACH
FOC,FALLS OF CRUACHAN
FOD,FORD
FOG,FOREST GATE
FOH,FOREST HILL
FOK,FOUR OAKS
FOR,FORRES
FOX,FOXFIELD
FPK,FINSBURY PARK
FRA,FRANKFURT (MAIN) HBF
FRB,FAIRBOURNE
FRD,FRODSHAM
FRE,FRESHFIELD
FRF,FAIRFIELD
FRH,CALAIS FRETHUN GARE VGRS
FRI,FRINTON-ON-SEA
FRL,FAIRLIE
FRM,FAREHAM
FRN,FEARN
FRO,FROME
FRS,FORSINARD
FRT,FRANT
FRW,FAIRWATER
FRY,FERRIBY
FSB,FISHBOURNE (SUSSEX)
FSG,FISHERSGATE
FSK,FISKERTON
FST,LONDON FENCHURCH STREET
FTM,FORT MATILDA
FTN,FRATTON
FTW,FORT WILLIAM
FWY,FIVE WAYS
FXN,FOXTON
FYS,FERRYSIDE
FZH,FRIZINGHALL
FZP,FURZE PLATT
FZW,FITZWILLIAM
GAL,GALASHIELS
GAR,GARROWHILL
GBD,GILBERDYKE
GBG,GOREBRIDGE
GBK,GREENBANK
GBL,GAINSBOROUGH LEA ROAD
GBS,GORING-BY-SEA
GCH,GARELOCHHEAD
GCL,GLASGOW CENTRAL
GCR,GLOUCESTER
GCT,GREAT COATES
GCW,GLAN CONWY
GDE,GODLEY EAST
GDH,GORDON HILL
GDL,GODLEY
GDN,GODSTONE
GDP,GIDEA PARK
GEA,GRETNA GREEN
GER,GERRARDS CROSS
GFD,GREENFORD
GFF,GILFACH FARGOED
GFN,GIFFNOCK
GGJ,GEORGEMAS JUNCTION
GGL,GORBALS
GGM,GRANGEMOUTH
GGT,GLASGOW AIRPORT
GGV,GARGRAVE
GIG,GIGGLESWICK
GIL,GILLINGHAM (DORSET)
GIP,GIPSY HILL
GIR,GIRVAN
GKC,GREENOCK CENTRAL
GKW,GREENOCK WEST
GLC,GLASGOW CENTRAL
GLD,GUILDFORD
GLE,GLENEAGLES
GLF,GLENFINNAN
GLG,GLENGARNOCK
GLH,GLASSHOUGHTON
GLM,GILLINGHAM (KENT)
GLO,GLOSSOP
GLQ,GLASGOW QUEEN STREET
GLR,GLANRAFON
GLS,GLAISDALE
GLT,GLENROTHES WITH THORNTON
GLY,GLYNDE
GLZ,GLAZEBROOK
GMB,GRIMSBY TOWN
GMD,GRIMSBY DOCKS
GMG,GARTH (MID GLAMORGAN)
GMN,GREAT MISSENDEN
GMT,GROSMONT
GMV,GREAT MALVERN
GMY,GOODMAYES
GNB,GAINSBOROUGH CENTRAL
GNF,GREENFIELD
GNH,GREENHITHE FOR BLUEWATER
GNL,GREEN LANE
GNR,GREEN ROAD
GNT,GUNTON
GNW,GREENWICH
GOB,GOBOWEN
GOD,GODALMING
GOE,GOLDTHORPE
GOF,GOLF STREET
GOL,GOLSPIE
GOM,GOMSHALL
GOO,GOOLE
GOP,GOSPORT BUS
GOR,GORING & STREATLEY
GOS,GRANGE-OVER-SANDS
GOX,GOXHILL
GOZ,GOLDTHORPE POLICE STATION
GPK,GRANGE PARK
GPO,GOSPEL OAK
GQL,GLASGOW QUEEN STREET
GRA,GRANTHAM
GRB,GREAT BENTLEY
GRC,GREAT CHESTERFORD
GRF,GARFORTH
GRH,GARTCOSH
GRK,GOUROCK
GRL,GREENFAULDS
GRM,GARSTON (MERSDE)CLOSED
GRN,GRINDLEFORD
GRO,GROOMBRIDGE
GRP,GROVE PARK
GRS,GARSCADDEN
GRT,GRATELEY
GRV,GRAVESEND
GRY,GRAYS
GSC,GILSHOCHILL
GSD,GARSDALE
GSL,GUNNISLAKE
GSN,GARSTON (HERTFORDSHIRE)
GST,GATHURST
GSW,GARSWOOD
GSY,GUISELEY
GTA,GREAT AYTON
GTH,GARTH (POWYS)
GTN,GRANGETOWN
GTO,GORTON
GTR,GOOSTREY
GTW,GATWICK AIRPORT
GTY,GATLEY
GUD,GOODRINGTON SANDS
GUI,GUIDE BRIDGE
GUN,GUNNERSBURY
GUS,ST PETER PORT (GUERNSEY)
GVE,GARVE
GVH,GRAVELLY HILL
GWE,GWERSYLLT
GWN,GOWERTON
GWY,GALWAY
GYM,GREAT YARMOUTH
GYP,GYPSY LANE
HAB,HABROUGH
HAC,HACKNEY DOWNS
HAD,HADDISCOE
HAF,HEATHROW TERMINAL 4
HAG,HAGLEY
HAI,HALLING
HAL,HALE
HAM,HAMWORTHY
HAN,HANWELL
HAP,HATFIELD PEVEREL
HAR,HARMAN'S CROSS (SWANAGE R)
HAS,HALESWORTH
HAT,HATFIELD
HAV,HAVANT
HAY,HAYES & HARLINGTON
HAZ,HAZEL GROVE
HBB,HUBBERTS BRIDGE
HBC,HARBOUR CITY (METROLINK)
HBD,HEBDEN BRIDGE
HBF,HEVER (BROCAS FARM)
HBN,HOLLINGBOURNE
HBP,HORNBEAM PARK
HBY,HARTLEBURY
HCB,HACKBRIDGE
HCH,HOLMES CHAPEL
HCN,HEADCORN
HCR,HYKEHAM CROSSROADS
HCT,HUNCOAT
HDB,HAYDON BRIDGE
HDE,HEDGE END
HDF,HADFIELD
HDG,HEALD GREEN
HDH,HAMPSTEAD HEATH
HDL,HEADSTONE LANE
HDM,HADDENHAM & THAME PARKWAY
HDN,HARLESDEN
HDW,HADLEY WOOD
HDY,HEADINGLEY
HEC,HECKINGTON
HED,HALEWOOD
HEF,HENDAYE
HEH,HERSTON HALT (SWANAGE R)
HEI,HEIGHINGTON
HEL,HENSALL
HEN,HENDON
HER,HERSHAM
HES,HESSLE
HEV,HEVER
HEW,HEWORTH
HEX,HEXHAM
HEZ,HEWORTH (METRO)
HFD,HEREFORD
HFE,HERTFORD EAST
HFN,HERTFORD NORTH
HFS,HATFIELD & STAINFORTH
HFX,HALIFAX
HGD,HUNGERFORD
HGF,HAG FOLD
HGG,HAGGERSTON
HGI,HORNDEAN PRECINCT
HGM,HIGHAM
HGN,HOUGH GREEN
HGR,HITHER GREEN
HGS,HASTINGS
HGT,HARROGATE
HGY,HARRINGAY
HHB,HEYSHAM HARBOUR
HHD,HOLYHEAD
HHE,HAYWARDS HEATH
HHL,HEATH HIGH LEVEL
HHY,HIGHBURY & ISLINGTON
HIA,HAMPTON-IN-ARDEN
HIB,HIGH BROOMS
HID,HALL I' TH' WOOD
HIG,HIGHBRIDGE & BURNHAM
HII,HIGHBURY & ISLINGTON
HIL,HILLSIDE
HIN,HINDLEY
HIP,HIGHAMS PARK
HIR,HORTON-IN-RIBBLESDALE
HIT,HITCHIN
HKC,HACKNEY CENTRAL
HKH,HAWKHEAD
HKM,HYKEHAM
HKN,HUCKNALL
HKW,HACKNEY WICK
HLB,HILDENBOROUGH
HLC,HELENSBURGH CENTRAL
HLD,HELLIFIELD
HLE,HILLINGTON EAST
HLF,HILLFOOT
HLG,HALL GREEN
HLI,HEALING
HLL,HEATH LOW LEVEL
HLM,HOLMWOOD
HLN,HARLINGTON
HLR,HALL ROAD
HLS,HILSEA
HLU,HELENSBURGH UPPER
HLW,HILLINGTON WEST
HLY,HOLYTOWN
HMC,HAMPTON COURT
HMD,HAMPDEN PARK
HME,HAMBLE
HMK,HAWES MARKET PLACE
HML,HEMEL HEMPSTEAD
HMM,HAMMERTON
HMN,HOMERTON
HMP,HAMPTON
HMS,HELMSDALE
HMT,HAM STREET
HMW,HAMPTON WICK
HMY,HAIRMYRES
HNA,HINTON ADMIRAL
HNB,HERNE BAY
HNC,HAMILTON CENTRAL
HND,HANBOROUGH
HNF,HEDNESFORD
HNG,HENGOED
HNH,HERNE HILL
HNK,HINCKLEY
HNL,HENLEY-IN-ARDEN
HNT,HUNTLY
HNW,HAMILTON WEST
HNX,HUNTS CROSS
HNY,HANLEY BUS STATION
HOC,HOCKLEY
HOD,HOLLINWOOD (METRO)
HOH,HARROW-ON-THE-HILL
HOK,HOOK
HOL,HOLTON HEATH
HON,HONITON
HOO,HOOTON
HOP,HOPE (DERBYSHIRE)
HOR,HORLEY
HOT,HENLEY-ON-THAMES
HOU,HOUNSLOW
HOV,HOVE
HOW,HOWDEN
HOX,HOXTON
HOY,HONLEY
HOZ,HOWWOOD
HPA,HONOR OAK PARK
HPD,HARPENDEN
HPE,HOPE (FLINTSHIRE)
HPK,HEATON PARK
HPL,HARTLEPOOL
HPN,HAPTON
HPQ,HARWICH INTERNATIONAL
HPT,HOPTON HEATH
HRD,HARLING ROAD
HRE,HORDEN
HRH,HORSHAM
HRL,HARLECH
HRM,HARRIETSHAM
HRN,HORNSEY
HRO,HAROLD WOOD
HRR,HARRINGTON
HRS,HORSFORTH
HRW,HARROW & WEALDSTONE
HRY,HARRINGAY GREEN LANES
HSB,HELSBY
HSC,HOSCAR
HSD,HAMSTEAD
HSE,HURSLEY (POST OFFICE)
HSG,HATHERSAGE
HSK,HASSOCKS
HSL,HASLEMERE
HST,HIGH STREET
HSW,HESWALL
HSY,HORSLEY
HTC,HEATON CHAPEL
HTE,HATCH END
HTF,HARTFORD
HTH,HANDFORTH
HTN,HATTON
HTO,HIGHTOWN
HTR,HEATHROW CENTRAL BUS STN
HTW,HARTWOOD
HTY,HATTERSLEY
HUB,HUNMANBY
HUD,HUDDERSFIELD
HUL,HULL
HUN,HUNTINGDON
HUP,HUMPHREY PARK
HUR,HURST GREEN
HUS,HUNSTANTON BUS STATION
HUT,HUTTON CRANSWICK
HUU,HULL PARAGON INTERCHANGE
HUY,HUYTON
HVF,HAVERFORDWEST
HVH,HOEK VAN HOLLAND
HVN,HAVENHOUSE
HWA,HEATHROW TERMINAL 2 BUS
HWB,HAWARDEN BRIDGE
HWC,HARWICH TOWN
HWD,HAWARDEN
HWE,HEATHROW TERMINAL 3 BUS
HWF,HEATHROW TERMINAL 4 BUS
HWH,HALTWHISTLE
HWI,HORWICH PARKWAY
HWK,HAWICK
HWM,HARLOW MILL
HWN,HARLOW TOWN
HWV,HEATHROW TERMINAL 5
HWW,HOW WOOD
HWX,HEATHROW TERMINAL 5 BUS
HWY,HIGH WYCOMBE
HXM,HOVETON & WROXHAM
HXX,HEATHROW TERMINALS 2 & 3
HYB,HONEYBOURNE
HYC,HYDE CENTRAL
HYD,HEYFORD
HYH,HYTHE
HYK,HOYLAKE
HYL,HAYLE
HYM,HAYMARKET
HYN,HYNDLAND
HYP,HYDE PARK
HYR,HAYDONS ROAD
HYS,HAYES (KENT)
HYT,HYDE NORTH
HYW,HINCHLEY WOOD
IBM,I.B.M.
IFD,ILFORD
IFI,IFIELD
IGD,INVERGORDON
ILK,ILKLEY
ILN,ILKESTON
IMW,IMPERIAL WHARF
INC,INCE
INE,INCE & ELTON
ING,INVERGOWRIE
INH,INVERSHIN
INK,INVERKEITHING
INP,INVERKIP
INR,INVERURIE
INS,INSCH
INT,INGATESTONE
INV,INVERNESS
IPS,IPSWICH
IRL,IRLAM
IRV,IRVINE
ISL,ISLEWORTH
ISP,ISLIP
IVR,IVER
IVY,IVYBRIDGE
JCH,JAMES COOK
JEQ,JEWELLERY QUARTER
JHN,JOHNSTONE
JOH,JOHNSTON
JOR,JORDANHILL
JSY,ST HELIER (JERSEY)
KBC,KINBRACE
KBF,KIRKBY-IN-FURNESS
KBK,KENTS BANK
KBN,KILBURN HIGH ROAD
KBW,KNEBWORTH
KBX,KIRBY CROSS
KBZ,KOBLENZ HBF
KCG,KILCREGGAN
KCK,KNOCKHOLT
KDB,KIDBROOKE
KDG,KIDSGROVE
KDY,KIRKCALDY
KEB,KENLEY (A22)
KEH,KEITH
KEI,KEIGHLEY
KEL,KELVEDON
KEM,KEMBLE
KEN,KENDAL
KET,KETTERING
KEY,KEYHAM
KEZ,KETTERING LIBRARY
KGE,KINGSKNOWE
KGH,KINGHORN
KGL,KINGS LANGLEY
KGM,KINGHAM
KGN,KINGS NYMPTON
KGP,KINGS PARK
KGS,KINGS SUTTON
KGT,KILGETTY
KGX,LONDON KINGS CROSS
KID,KIDDERMINSTER
KIL,KILDONAN
KIN,KINGUSSIE
KIR,KIRKBY
KIT,KINTBURY
KIV,KIVETON BRIDGE
KKB,KIRKBY IN ASHFIELD
KKD,KIRKDALE
KKH,KIRKHILL
KKM,KIRKHAM & WESHAM
KKN,KIRKNEWTON
KKS,KIRK SANDALL
KLB,KINGS LYNN BUS STATION
KLD,KILDALE
KLF,KIRKSTALL FORGE
KLL,KILLARNEY
KLM,KILMAURS
KLN,KINGS LYNN
KLS,KINGS LYNN BUS STATION GN
KLY,KENLEY
KMH,KEMPSTON HARDWICK
KMK,KILMARNOCK
KML,KEMSLEY
KMP,KEMPTON PARK
KMS,KEMSING
KNA,KNARESBOROUGH
KND,KINGSWOOD
KNE,KENNETT
KNF,KNUTSFORD
KNG,KINGSTON
KNI,KNIGHTON
KNL,KENSAL GREEN
KNN,KINGS NORTON
KNO,KNOTTINGLEY
KNR,KENSAL RISE
KNS,KENNISHEAD
KNT,KENTON
KNU,KNUCKLAS
KNW,KENILWORTH
KPA,KENSINGTON (OLYMPIA)
KPT,KILPATRICK
KRK,KIRKCONNEL
KSL,KEARSLEY
KSN,KEARSNEY
KSW,KIRKBY STEPHEN
KTH,KENT HOUSE
KTL,KIRTON LINDSEY
KTN,KENTISH TOWN
KTR,KINTORE
KTW,KENTISH TOWN WEST
KVD,KELVINDALE
KVP,KIVETON PARK
KWB,KEW BRIDGE
KWD,KIRKWOOD
KWG,KEW GARDENS
KWK,KESWICK (BUS STATION)
KWL,KIDWELLY
KWN,KILWINNING
KWR,KINGSWEAR (FOR DARTMOUTH)
KYK,KYLEAKIN
KYL,KYLE OF LOCHALSH
KYN,KEYNSHAM
LAC,LANCING
LAD,LADYWELL
LAG,LANGWITH - WHALEY THORNS
LAI,LAINDON
LAK,LAKENHEATH
LAM,LAMPHEY
LAN,LANCASTER
LAP,LAPFORD
LAR,LARGS
LAS,LLANSAMLET
LAU,LAURENCEKIRK
LAW,LANDYWOOD
LAY,LAYTON
LBG,LONDON BRIDGE
LBK,LONG BUCKBY
LBO,LOUGHBOROUGH
LBR,LLANBEDR
LBS,LINCOLN BUS STATION
LBT,LARBERT
LBZ,LEIGHTON BUZZARD
LCB,LOCHBOISDALE
LCC,LOCHLUICHART
LCG,LOCHGELLY
LCH,LOCHMADDY
LCK,LOCKWOOD
LCL,LOCHAILORT
LCN,LINCOLN
LCS,LOCHEILSIDE
LDN,LLANDANWG
LDR,LONDONDERRY
LDS,LEEDS
LDW,LADYWELL (METROLINK)
LDY,LADYBANK
LEA,LEAGRAVE
LEB,LEA BRIDGE
LED,LEDBURY
LEE,LEE
LEG,LEA GREEN
LEH,LEA HALL
LEI,LEICESTER
LEL,LELANT
LEM,LEYTON MIDLAND ROAD
LEN,LENHAM
LEO,LEOMINSTER
LER,LEYTONSTONE HIGH ROAD
LES,LEIGH-ON-SEA
LET,LETCHWORTH GARDEN CITY
LEU,LEUCHARS
LEW,LEWISHAM
LEY,LEYLAND
LFD,LINGFIELD
LFL,LEIGH (FLEUR-DE-LIS P.H.)
LGB,LANGBANK
LGD,LINGWOOD
LGE,LONG EATON
LGF,LONGFIELD
LGG,LANGLEY GREEN
LGJ,LOUGHBOROUGH JN
LGK,LONGBECK
LGM,LANGLEY MILL
LGN,LONGTON
LGO,LLANGYNLLO
LGS,LANGSIDE
LGW,LANGWATHBY
LHA,LOCH AWE
LHD,LEATHERHEAD
LHE,LOCH EIL OUTWARD BOUND
LHL,LANGHOLM
LHM,LEALHOLM
LHO,LANGHO
LHS,LIMEHOUSE
LHW,LOCHWINNOCH
LIC,LICHFIELD CITY
LID,LIDLINGTON
LIE,LEISTON
LIF,LICHFIELD TRENT VALLEY HL
LIH,LEIGH (KENT)
LIL,LILLE FLANDRES
LIN,LINLITHGOW
LIP,LIPHOOK
LIS,LISS
LIT,LITTLEHAMPTON
LIU,LILLE EUROPE
LIV,LIVERPOOL LIME STREET
LJL,LIVERPOOL J LENNON AIRPORT
LJN,LIMERICK JCN
LKE,LAKE
LLA,LLANABER
LLB,LLANBADARN
LLC,LLANDECWYN
LLD,LLANDUDNO
LLE,LLANELLI
LLF,LLANFAIRFECHAN
LLG,LLANGADOG
LLH,LLANGENNECH
LLI,LLANDYBIE
LLJ,LLANDUDNO JUNCTION
LLL,LLANDEILO
LLM,LLANGAMMARCH
LLN,LLANDAF
LLO,LLANDRINDOD
LLR,LLANHARAN
LLS,LLANISHEN
LLT,LLANBISTER ROAD
LLV,LLANDOVERY
LLW,LLWYNGWRIL
LLY,LLWYNYPIA
LMR,LOW MOOR
LMS,LEAMINGTON SPA
LNB,LLANBRADACH
LND,LONGNIDDRY
LNF,LINDFORD (LIPHOOK ROAD)
LNG,LONGCROSS
LNK,LANARK
LNR,LLANWRDA
LNW,LLANWRTYD
LNY,LANGLEY
LNZ,LENZIE
LOB,LONGBRIDGE
LOC,LOCKERBIE
LOE,LONDON EUROSTAR (CIV)
LOF,LONDON FIELDS
LOH,LOSTOCK HALL
LOO,LOOE
LOS,LOSTWITHIEL
LOT,LOSTOCK
LOW,LOWDHAM
LPG,LLANFAIRPWLL
LPR,LONG PRESTON
LPT,LONGPORT
LPW,LAPWORTH
LPY,LIVERPOOL SOUTH PW LL
LRB,LONDON ROAD (BRIGHTON)
LRD,LONDON ROAD (GUILDFORD)
LRG,LAIRG
LRH,LARKHALL
LRK,LIMERICK
LRR,LONDON ROAD DITCHLING RISE
LSK,LISKEARD
LSM,LISMORE
LSN,LIVINGSTON NORTH
LST,LONDON LIVERPOOL STREET
LSW,LEASOWE
LSX,LIVERPOOL ST CROSSRAIL
LSY,LOWER SYDENHAM
LTG,LOSTOCK GRALAM
LTH,LLANHILLETH
LTI,LLANTRISANT
LTK,LITTLE KIMBLE
LTL,LITTLEBOROUGH
LTM,LYTHAM
LTN,LUTON AIRPORT PARKWAY
LTP,LITTLEPORT
LTS,LELANT SALTINGS
LTT,LITTLE SUTTON
LTV,LICHFIELD TRENT VALLEY LL
LUA,LONDON LUTON AIRPORT
LUB,LUTON BUS
LUD,LUDLOW
LUT,LUTON
LUX,LUXULYAN
LVC,LIVERPOOL CNTRL (NORTHERN)
LVG,LIVINGSTON SOUTH
LVJ,JAMES STREET
LVL,LIVERPOOL LIME STREET LL
LVM,LEVENSHULME
LVN,LITTLEHAVEN
LVS,LIVERPOOL LANDING STAGE
LVT,LISVANE & THORNHILL
LWH,LAWRENCE HILL
LWM,LLANTWIT MAJOR
LWR,LLANRWST
LWS,LEWES
LWT,LOWESTOFT
LWY,LANGWORTHY (METROLINK)
LYC,LYMPSTONE COMMANDO
LYD,LYDNEY
LYE,LYE
LYM,LYMPSTONE VILLAGE
LYP,LYMINGTON PIER
LYT,LYMINGTON TOWN
LZB,LAZONBY & KIRKOSWALD
MAC,MACCLESFIELD
MAG,MAGHULL
MAI,MAIDENHEAD
MAL,MALDEN MANOR
MAN,MANCHESTER PICCADILLY
MAO,MARTINS HERON
MAR,MARGATE
MAS,MANORS
MAT,MATLOCK
MAU,MAULDETH ROAD
MAW,MALLOW
MAX,MAXWELL PARK
MAY,MAYBOLE
MBK,MILLBROOK (HANTS)
MBR,MIDDLESBROUGH
MBT,MARSH BARTON
MCB,MOULSECOOMB
MCE,METROCENTRE
MCH,MARCH
MCK,MARNE-LA-VALLEE
MCM,MORECAMBE
MCN,MACHYNLLETH
MCO,MANCHESTER OXFORD ROAD
MCV,MANCHESTER VICTORIA
MDB,MAIDSTONE BARRACKS
MDE,MAIDSTONE EAST
MDG,MIDGHAM
MDL,MIDDLEWOOD
MDN,MAIDEN NEWTON
MDS,MORDEN SOUTH
MDT,MEDSTEAD
MDW,MAIDSTONE WEST
MDY,MAERDY
MEC,MEOLS COP
MEL,MELDRETH
MEN,MENHENIOT
MEO,MEOLS
MEP,MEOPHAM
MER,MERTHYR TYDFIL
MES,MELTON
MEV,MERTHYR VALE
MEW,MAESTEG (EWENNY ROAD)
MEX,MEXBOROUGH
MEY,MERRYTON
MFA,MORFA MAWDDACH
MFF,MINFFORDD
MFH,MILFORD HAVEN
MFL,MOUNT FLORIDA
MFT,MANSFIELD
MGM,METHERINGHAM
MGN,MARSTON GREEN
MHD,MINEHEAD WEST SOM RWY
MHM,MERSTHAM
MHR,MARKET HARBOROUGH
MHS,MEADOWHALL
MIA,MANCHESTER AIRPORT
MIC,MICHELDEVER
MIF,MILLFIELD STN T&WM
MIH,MILLS HILL
MIJ,MITCHAM JUNCTION
MIK,MICKLEFIELD
MIL,MILL HILL BROADWAY
MIM,MORETON-IN-MARSH
MIN,MILLIKEN PARK
MIR,MIRFIELD
MIS,MISTLEY
MKC,MILTON KEYNES CENTRAL
MKM,MELKSHAM
MKR,MARKET RASEN
MKT,MARKS TEY
MLB,MILLBROOK (BEDFORDSHIRE)
MLD,MOULDSWORTH
MLF,MILFORD (SURREY)
MLG,MALLAIG
MLH,MILL HILL (LANCASHIRE)
MLM,MILLOM
MLN,MILNGAVIE
MLP,MILES PLATTING
MLR,MILNROW (METRO)
MLS,MELROSE
MLT,MALTON
MLW,MARLOW
MLY,MORLEY
MMO,MELTON MOWBRAY
MNC,MARKINCH
MNE,MANEA
MNG,MANNINGTREE
MNN,MENSTON
MNP,MANOR PARK
MNR,MANOR ROAD
MNS,MAGHULL NORTH STATION
MNZ,MAINZ HBF
MOB,MOBBERLEY
MOG,MOORGATE
MON,MONIFIETH
MOO,MUIR OF ORD
MOR,MORTIMER
MOS,MOSS SIDE
MOT,MOTSPUR PARK
MPK,MOSSPARK
MPL,MARPLE
MPT,MORPETH
MRB,MANORBIER
MRD,MORCHARD ROAD
MRF,MOORFIELDS
MRM,MANORS (METRO)
MRN,MARDEN
MRP,MOORTHORPE
MRR,MORAR
MRS,MONKS RISBOROUGH
MRT,MORETON (MERSEYSIDE)
MRW,MERIDIAN WATER
MRY,MARYPORT
MSC,MARSEILLE ST CHARLES
MSD,MOORSIDE
MSH,MOSSLEY HILL
MSK,MARSKE
MSL,MOSSLEY (GRTR MANCHESTER)
MSN,MARSDEN
MSO,MOSTON
MSR,MINSTER
MSS,MOSES GATE
MST,MAESTEG
MSW,MANSFIELD WOODHOUSE
MTA,MOUNTAIN ASH
MTB,MATLOCK BATH
MTC,MITCHAM EASTFIELDS
MTG,MOTTINGHAM
MTH,MOTHERWELL
MTL,MORTLAKE
MTM,MARTIN MILL
MTN,MORETON (DORSET)
MTO,MARTON
MTP,MONTPELIER
MTS,MONTROSE
MTV,MOUNT VERNON
MUB,MUSSELBURGH
MUF,MANCHESTER UTD FOOTBALL GD
MUI,MUIREND
MUK,MUCK
MVL,MALVERN LINK
MYB,LONDON MARYLEBONE
MYH,MARYHILL
MYL,MARYLAND
MYT,MYTHOLMROYD
MZH,MAZE HILL
MZM,METZ
NAN,NANTWICH
NAR,NARBERTH
NAY,NEWTON AYCLIFFE
NBA,NEW BARNET
NBC,NEW BECKENHAM
NBE,NEWBRIDGE (EBBW VALE)
NBN,NEW BRIGHTON
NBR,NARBOROUGH
NBS,NORTON BRIDGE STATION DRV
NBT,NORBITON
NBW,NORTH BERWICK
NBY,NEWBURY
NCE,NEW CLEE
NCK,NEW CUMNOCK
NCL,NEWCASTLE
NCM,NORTH CAMP
NCO,NEWCOURT
NCT,NEWARK CASTLE
NCZ,NEWCASTLE (METRO)
NDL,NORTH DULWICH
NEG,NEWTONGRANGE
NEH,NEW ELTHAM
NEI,NEILSTON
NEL,NELSON
NEM,NEW MALDEN
NES,NESTON
NET,NETHERFIELD
NEW,NEWCRAIGHALL
NFA,NORTH FAMBRIDGE
NFD,NORTHFIELD
NFL,NORTHFLEET
NFN,NAFFERTON
NGT,NEWINGTON
NHD,NUNHEAD
NHE,NEW HYTHE
NHL,NEW HOLLAND
NHY,NEW HEY (METRO)
NIT,NITSHILL
NLN,NEW LANE
NLR,NORTH LLANRWST
NLS,NAILSEA & BACKWELL
NLT,NORTHOLT PARK
NLW,NEWTON-LE-WILLOWS
NMC,NEW MILLS CENTRAL
NMK,NEWMARKET
NMN,NEW MILLS NEWTOWN
NMP,NORTHAMPTON
NMT,NEEDHAM MARKET
NNE,NARBONNE
NNG,NEWARK NORTH GATE
NNP,NINIAN PARK
NNT,NUNTHORPE
NOA,NEWTON-ON-AYR
NOD,NORDEN (SWANAGE R)
NOR,NORMANTON
NOT,NOTTINGHAM
NPD,NEW PUDSEY
NPP,NOTTINGHAM PHOENIX PARK
NPT,NEWPORT BUS STATION
NQU,NORTH QUEENSFERRY
NQY,NEWQUAY
NRB,NORBURY
NRC,NEWBURY RACECOURSE
NRD,NORTH ROAD
NRN,NAIRN
NRT,NETHERTOWN
NRW,NORWICH
NSB,NORMANS BAY
NSD,NEWSTEAD
NSG,NEW SOUTHGATE
NSH,NORTH SHEEN
NTA,NEWTON ABBOT
NTB,NORTON BRIDGE
NTC,NEWTON ST CYRES
NTH,NEATH
NTL,NETLEY
NTN,NEWTON (LANARK)
NTR,NORTHALLERTON
NUF,NUTFIELD
NUM,NORTHUMBERLAND PARK
NUN,NUNEATON
NUR,NUNNERY SQUARE P&R
NUT,NUTBOURNE
NVH,NEWHAVEN HARBOUR
NVM,NEWHAVEN MARINE
NVN,NEWHAVEN TOWN
NVR,NAVIGATION ROAD
NWA,NORTH WALSHAM
NWB,NORTH WEMBLEY
NWD,NORWOOD JUNCTION
NWE,NEWPORT (ESSEX)
NWI,NORTHWICH
NWM,NEW MILTON
NWN,NEWTON FOR HYDE
NWP,NEWPORT (SOUTH WALES)
NWR,NEWTONMORE
NWT,NEWTOWN (POWYS)
NWX,NEW CROSS
NXG,NEW CROSS GATE
NYN,NANTYRONEN
OBN,OBAN
OCK,OCKENDON
OHL,OLD HILL
OKE,OKEHAMPTON
OKL,OAKLEIGH PARK
OKM,OAKHAM
OKN,OAKENGATES
OLD,OLD STREET
OLF,OLDFIELD PARK
OLM,OLDHAM MUMPS (METRO)
OLT,OLTON
OLW,OLDHAM WERNETH (METRO)
OLY,OCKLEY
OMS,ORMSKIRK
OOS,OOSTENDE
OPK,ORRELL PARK
ORE,ORE
ORN,OLD ROAN
ORP,ORPINGTON
ORR,ORRELL
OSM,OTTERY ST. MARY BROAD ST.
OTF,OTFORD
OTL,OTLEY (BUS STATION)
OTR,OLD TRAFFORD
OUD,OUNDLE MARKET PLACE
OUN,OULTON BROAD NORTH
OUS,OULTON BROAD SOUTH
OUT,OUTWOOD
OVE,OVERPOOL
OVR,OVERTON
OXF,OXFORD
OXN,OXENHOLME LAKE DISTRICT
OXP,OXFORD PARKWAY
OXS,OXSHOTT
OXT,OXTED
PAD,LONDON PADDINGTON
PAI,PALLION STN T&WM
PAL,PALMERS GREEN
PAN,PANGBOURNE
PAQ,PARKGATE
PAR,PAR
PAT,PATRICROFT
PAW,PELAW TYNE & WEAR METRO
PAZ,PARIS ST LAZARE
PBL,PARBOLD
PBN,PARIS NORD
PBO,PETERBOROUGH
PBR,POTTERS BAR
PBS,PEEBLES
PBU,PETERBOROUGH QUEENSGATE
PBY,PEMBREY & BURRY PORT
PCD,PENCOED
PCF,PORTSMOUTH CONT FERRY PORT
PCM,PONTYCYMMER
PCN,PAISLEY CANAL
PDG,PADGATE
PDK,PEMBROKE FERRY TERMINAL
PDT,PADSTOW OLD RLY STATION
PDW,PADDOCK WOOD
PDX,PADDINGTON CROSSRAIL
PEA,PEARTREE
PEB,PEVENSEY BAY
PEE,PORTREE
PEG,PEGSWOOD
PEM,PEMBERTON
PEN,PENARTH
PER,PENRHIWCEIBER
PES,PENSARN
PET,PETTS WOOD
PEV,PEVENSEY & WESTHAM
PEW,PEWSEY
PFL,PURFLEET
PFM,PONTEFRACT MONKHILL
PFR,PONTEFRACT BAGHILL
PFT,POOLE FERRY TERMINAL
PFY,POULTON-LE-FYLDE
PGM,PENGAM
PGN,PAIGNTON
PHG,PENHELIG
PHR,PENSHURST
PIL,PILNING
PIN,PINHOE
PIT,PITLOCHRY
PIZ,PICKERING EASTGATE
PKG,PENKRIDGE
PKS,PARKSTONE (DORSET)
PKT,PARK STREET
PLC,PLUCKLEY
PLD,PORTSLADE
PLE,POLLOKSHIELDS EAST
PLG,POLEGATE
PLK,PLOCKTON
PLM,PLUMLEY
PLN,PORTLETHEN
PLS,PLEASINGTON
PLT,PONTLOTTYN
PLU,PLUMSTEAD
PLW,POLLOKSHIELDS WEST
PLY,PLYMOUTH
PMA,PORTSMOUTH ARMS
PMB,PEMBROKE
PMD,PEMBROKE DOCK
PMG,PORTHMADOG HARBOUR
PMH,PORTSMOUTH HARBOUR
PMO,POMONA (METROLINK)
PMP,PLUMPTON
PMR,PECKHAM RYE
PMS,PORTSMOUTH & SOUTHSEA
PMT,POLMONT
PMW,PENMAENMAWR
PNA,PENALLY
PNC,PENYCHAIN
PNE,PENGE EAST
PNF,PENYFFORDD
PNL,PANNAL
PNM,PENMERE
PNQ,PENZANCE QUAY
PNR,PENRITH NORTH LAKES
PNS,PENISTONE
PNW,PENGE WEST
PNY,PEN-Y-BONT
PNZ,PENZANCE
POI,POITIERS
POK,POKESDOWN
POL,POLSLOE BRIDGE
PON,PONDERS END
POO,POOLE
POP,POPPLETON
POR,PORTH
POT,PONTEFRACT TANSHELF
PPD,PONTYPRIDD
PPK,POSSILPARK & PARKHOUSE
PPL,PONTYPOOL AND NEW INN
PPR,PRESTON PARK (LONDON ROAD)
PRA,PRESTWICK INT. AIRPORT
PRB,PRESTBURY
PRE,PRESTON
PRH,PENRHYNDEUDRAETH
PRL,PRITTLEWELL
PRM,PRIMROSE HILL
PRN,PARTON
PRP,PRESTON PARK
PRR,PRINCES RISBOROUGH
PRS,PREES
PRT,PRESTATYN
PRU,PRUDHOE
PRW,PERRANWELL
PRY,PERRY BARR
PSC,PRESCOT
PSE,PITSEA
PSH,PERSHORE
PSL,PORT SUNLIGHT
PSN,PARSON STREET
PST,PRESTONPANS
PSW,POLESWORTH
PTA,PORT TALBOT PARKWAY
PTB,PENTRE-BACH
PTC,PORTCHESTER
PTD,PONTARDDULAIS
PTF,PANTYFFYNNON
PTG,PORT GLASGOW
PTH,PERTH
PTK,PARTICK
PTL,PRIESTHILL & DARNLEY
PTM,PORTHMADOG
PTR,PETERSFIELD
PTS,PORTRUSH
PTT,PATTERTON
PTW,PRESTWICK TOWN
PUL,PULBOROUGH
PUO,PURLEY OAKS
PUR,PURLEY
PUT,PUTNEY
PWC,PRESTWICH
PWE,POLLOKSHAWS EAST
PWL,PWLLHELI
PWW,POLLOKSHAWS WEST
PWY,PATCHWAY
PYC,PONTYCLUN
PYE,PYE CORNER
PYG,PAISLEY GILMOUR STREET
PYJ,PAISLEY ST JAMES
PYL,PYLE
PYN,PENRYN
PYP,PONT-Y-PANT
PYT,POYNTON
QBR,QUEENBOROUGH
QPK,QUEENS PARK (STRATHCLYDE)
QPW,QUEEN'S PARK (LONDON)
QRB,QUEENSTOWN RD.(BATTERSEA)
QRD,QUAINTON ROAD
QRP,QUEENS RD PECKHAM
QUI,QUINTRELL DOWNS
QYD,QUAKERS YARD
RAD,RADLEY
RAI,RAINHAM (KENT)
RAM,RAMSGATE
RAN,RANNOCH
RAU,RAUCEBY
RAV,RAVENGLASS FOR ESKDALE
RAY,RAYNES PARK
RBR,ROBERTSBRIDGE
RBS,BRITISH STEEL REDCAR
RBU,READING BUS
RCA,RISCA & PONTYMISTER
RCC,REDCAR CENTRAL
RCD,ROCHDALE
RCE,REDCAR EAST
RCF,RADCLIFFE(GRTR MANCHESTER)
RDA,REDLAND
RDB,REDBRIDGE
RDC,REDDITCH
RDD,RIDDLESDOWN
RDF,RADCLIFFE (NOTTS)
RDG,READING
RDH,REDHILL
RDL,ROOSENDAAL CS
RDM,RIDING MILL
RDN,REDDISH NORTH
RDR,RADYR
RDS,REDDISH SOUTH
RDT,RADLETT
RDW,READING WEST
RDZ,READING
REB,ROMSEY BUS STATION
REC,RECTORY ROAD
RED,REDRUTH
REE,REEDHAM (NORFOLK)
REG,REGENT CENTRE (NEWCASTLE)
REI,REIGATE
RET,RETFORD
RFD,ROCHFORD
RFY,ROCK FERRY
RGL,RUGELEY TRENT VALLEY
RGP,READING GREEN PARK
RGP,READING GREEN PARK
RGT,RUGELEY TOWN
RGW,RAMSGREAVE & WILPSHIRE
RHA,ROBIN HOOD AIRPORT
RHB,ROBIN HOODS BAY
RHD,RIBBLEHEAD
RHF,RHEIDOL FALLS
RHG,RHIGOS BUS STOP
RHI,RHIWBINA
RHL,RHYL
RHM,REEDHAM
RHO,RHOSNEIGR
RHU,RUM
RHW,RHIWFRON
RHY,RHYMNEY
RIA,RHOOSE CARDIFF INT AIRPORT
RIC,RICKMANSWORTH
RID,RIDGMONT
RIL,RICE LANE
RIS,RISHTON
RKT,RUSKINGTON
RLG,RAYLEIGH
RLN,ROWLANDS CASTLE
RMB,ROMAN BRIDGE
RMC,ROTHERHAM CENTRAL
RMD,RICHMOND
RMF,ROMFORD
RMK,RICHMOND (MARKET)
RML,ROMILEY
RMZ,RAMSGATE HARBOUR
RNF,RAINFORD
RNH,RAINHILL
RNM,RAINHAM
RNR,ROUGHTON ROAD
ROB,ROBY
ROC,ROCHE
ROE,ROTHERHITHE
ROG,ROGART
ROL,ROLLESTON
ROM,ROMSEY
ROO,ROOSE
ROP,ROPLEY
ROR,ROGERSTONE
ROS,ROSYTH
ROT,ROTTERDAM C.S.
ROW,ROWLEY REGIS
RRB,RYDER BROW
RRD,ROUEN D D
RRN,ROBROYSTON
RSB,ROSSLARE HARBOUR
RSG,ROSE GROVE
RSH,ROSE HILL MARPLE
RTN,RENTON
RTR,ROCHESTER
RTY,ROTHESAY
RUA,RUABON
RUE,RUNCORN EAST
RUF,RUFFORD
RUG,RUGBY
RUN,RUNCORN
RUS,RUSWARP
RUT,RUTHERGLEN
RVB,RAVENSBOURNE
RVN,RAVENSTHORPE
RWC,RAWCLIFFE
RYB,ROY BRIDGE
RYD,RYDE ESPLANADE
RYE,RYE
RYH,RYE HOUSE
RYK,ROSYTH DOCKYARD
RYN,ROYDON
RYP,RYDE PIER HEAD
RYR,RYDE ST JOHNS ROAD
RYS,ROYSTON
SAA,ST ALBANS ABBEY
SAB,SMALLBROOK JUNCTION
SAC,ST ALBANS CITY
SAD,SANDWELL & DUDLEY
SAE,SALTAIRE
SAF,SALFORDS
SAH,SALHOUSE
SAI,SHEFFIELD ARENA
SAJ,ST JOHNS
SAL,SALISBURY
SAM,SALTMARSHE
SAN,SANDOWN
SAO,ST ANDREWS BUS STATION
SAQ,SALFORD QUAYS (METROLINK)
SAR,ST ANDREWS ROAD
SAS,ST ANNES-ON-THE-SEA
SAT,SOUTH ACTON
SAU,ST AUSTELL
SAV,STRATFORD-UPON-AVON
SAW,SAWBRIDGEWORTH
SAX,SAXMUNDHAM
SAY,SWANLEY
SBE,STARBECK
SBF,ST BUDEAUX FERRY ROAD
SBJ,STOURBRIDGE JUNCTION
SBK,SOUTH BANK
SBM,SOUTH BERMONDSEY
SBP,STONEBRIDGE PARK
SBR,SPEAN BRIDGE
SBS,ST BEES
SBT,STOURBRIDGE TOWN
SBU,SOUTHBURY
SBV,ST BUDEAUX VICTORIA ROAD
SBY,SELBY
SCA,SCARBOROUGH
SCB,SCRABSTER
SCE,SURREY CANAL ROAD
SCF,STECHFORD
SCG,STONE CROSSING
SCH,SCOTSTOUNHILL
SCN,STONE CROWN STREET
SCR,ST COLUMB ROAD
SCS,STARCROSS
SCT,SCOTSCALDER
SCU,SCUNTHORPE
SCY,SOUTH CROYDON
SDA,SNODLAND
SDB,SANDBACH
SDC,SHOREDITCH HIGH STREET
SDE,SHADWELL
SDF,SAUNDERSFOOT
SDG,SANDLING
SDH,SUDBURY HILL HARROW
SDI,STRATFORD INTERNATIONAL
SDL,SANDHILLS
SDM,SHIELDMUIR
SDN,ST DENYS
SDP,SANDPLACE
SDR,SAUNDERTON
SDW,SANDWICH
SDY,SANDY
SEA,SEAHAM
SEB,SEABURN
SEC,SEATON CAREW
SED,SHELFORD
SEE,SOUTHEASE
SEF,SEAFORD
SEG,SELLING
SEH,SHOREHAM (KENT)
SEL,SELLAFIELD
SEM,SEAMER
SEN,SHENSTONE
SER,ST ERTH
SES,SOUTH ELMSALL
SET,SETTLE
SEV,SEVENOAKS
SEZ,SOUTHEASE (CHURCH)
SFA,STRATFORD INTL (DOMESTIC)
SFC,SINFIN CENTRAL
SFD,SALFORD CENTRAL
SFI,SHAWFAIR
SFL,SEAFORTH & LITHERLAND
SFN,SHIFNAL
SFO,STANFORD-LE-HOPE
SFR,SHALFORD
SFS,SOUTHFIELDS
SGB,SMETHWICK GALTON BDG H.L.
SGE,SWANAGE
SGH,SOUTH GOSFORTH
SGL,SOUTH GYLE
SGM,ST GERMANS
SGN,SOUTH GREENFORD
SGQ,STONE GRANVILLE SQUARE
SGR,SLADE GREEN
SHA,SHAW & CROMPTON (METRO)
SHB,SHIREBROOK
SHC,STREETHOUSE
SHD,SHILDON
SHE,SHERBORNE
SHF,SHEFFIELD
SHH,SHIREHAMPTON
SHI,SHIPLAKE
SHJ,ST HELENS JUNCTION
SHL,SHAWLANDS
SHM,SHERINGHAM
SHN,SHANKLIN
SHO,SHOLING
SHP,SHEPPERTON
SHQ,SHEFFIELD CATHEDRAL
SHR,SHREWSBURY
SHS,SHOTTS
SHT,SHOTTON
SHU,STONEHOUSE
SHV,SOUTHSEA HOVERPORT
SHW,SHAWFORD
SHX,SHOTTLE
SHY,SHIPLEY
SHZ,SOUTH HYLTON
SIA,SOUTHEND AIRPORT
SIB,SEAHOUSES BUS
SIC,SILECROFT
SID,SIDCUP
SIE,SHERBURN-IN-ELMET
SIH,ST HELIER
SIL,SILEBY
SIN,SINGER
SIP,SHIPTON
SIR,SINFIN NORTH
SIT,SITTINGBOURNE
SIV,ST IVES
SJN,ST. JAMES (NEWCASTLE)
SJP,ST JAMES' PARK
SJS,ST JAMES STREET
SKE,SKEWEN
SKG,SKEGNESS
SKI,SKIPTON
SKK,SELKIRK
SKM,STOKE MANDEVILLE
SKN,ST KEYNE WISHING WELL HALT
SKS,STOCKSFIELD
SKV,ST KEYNE VILLAGE
SKW,STOKE NEWINGTON
SLA,SLATEFORD
SLB,SALTBURN
SLD,SALFORD CRESCENT
SLE,SALE
SLH,SLEIGHTS
SLK,SILKSTONE COMMON
SLL,STALLINGBOROUGH
SLO,SLOUGH
SLQ,ST LEONARDS WARRIOR SQ
SLR,SLEAFORD
SLS,SHETTLESTON
SLT,SALTCOATS
SLV,SILVER STREET
SLW,SALWICK
SLY,SELLY OAK
SLZ,SOUTHWELL WESTGATE
SMA,SMALL HEATH
SMB,SMITHY BRIDGE
SMC,SAMPFORD COURTENAY
SMD,STAMFORD
SMG,ST MARGARETS
SMH,STAMFORD HILL
SMK,STOWMARKET
SML,SEA MILLS
SMN,SOUTHMINSTER
SMO,SOUTH MERTON
SMQ,ST. MARYS QUAY
SMR,SMETHWICK ROLFE STREET
SMT,ST MARGARETS (HERTS)
SMW,SMETHWICK JN
SMY,ST MARY CRAY
SNA,SANDAL & AGBRIGG
SND,SANDHURST
SNE,STONE
SNF,SHENFIELD
SNG,SUNNINGDALE
SNH,ST HELENS CENTRAL
SNI,SNAITH
SNK,SANKEY FOR PENKETH
SNL,STONELEIGH
SNN,SWINTON
SNO,ST NEOTS
SNP,STANHOPE
SNR,SANDERSTEAD
SNS,STAINES
SNT,STANLOW & THORNTON
SNW,SWANWICK
SNY,SUNNYMEADS
SOA,SOUTHAMPTON AIRPORT PARKWY
SOB,SOUTHBOURNE
SOC,SOUTHEND CENTRAL
SOE,SOUTHEND EAST
SOF,SOUTH WOODHAM FERRERS
SOG,STONEGATE
SOH,SOUTH HAMPSTEAD
SOI,STOW
SOK,SOUTH KENTON
SOL,SOLIHULL
SOM,SOUTH MILFORD
SON,STEETON & SILSDEN
SOO,STROOD
SOP,SOUTHPORT
SOR,SOLE STREET
SOS,STROMNESS
SOT,STOKE-ON-TRENT
SOU,SOUTHAMPTON CENTRAL
SOV,SOUTHEND VICTORIA
SOW,SOWERBY BRIDGE
SOY,STORNOWAY
SOZ,SOUTHPORT (LORD STREET)
SPA,SPALDING
SPB,SHEPHERD'S BUSH
SPF,SPRINGFIELD
SPH,SHEPHERDS WELL
SPI,SPITAL
SPK,SUTTON PARKWAY
SPL,ST PANCRAS INTERNATIONAL
SPN,SPOONER ROW
SPO,SPONDON
SPP,SHIPPEA HILL
SPR,SPRINGBURN
SPS,STEPPS
SPT,STOCKPORT
SPU,STAPLEHURST
SPX,ST PANCRAS INTERNATIONAL
SPY,SHEPLEY
SQE,SURREY QUAYS
SQH,SANQUHAR
SQU,SQUIRES GATE
SRA,STRATFORD
SRB,SEVERN TNL JN ROGIET POOL
SRC,STREATHAM COMMON
SRD,STAPLETON ROAD
SRF,STRETFORD
SRG,SEER GREEN
SRH,STREATHAM HILL
SRI,SPRING ROAD
SRL,SHIRLEY
SRN,STRINES
SRO,SHIREOAKS
SRR,SARN
SRS,SELHURST
SRT,SHORTLANDS
SRU,SOUTH RUISLIP
SRY,SHOEBURYNESS
SSA,SOUTHEASE A26
SSC,SEASCALE
SSD,STANSTED AIRPORT
SSE,SHOREHAM-BY-SEA
SSF,SEATON SEA FRONT
SSM,STOCKSMOOR
SSS,SHEERNESS-ON-SEA
SST,STANSTED MOUNTFITCHET
STA,STAFFORD
STC,STRATHCARRON
STD,STROUD
STE,STREATHAM
STF,STROMEFERRY
STG,STIRLING
STH,SHEPRETH
STI,STADIUM OF LIGHT STN T&WM
STJ,SEVERN TUNNEL JN
STK,STOCKTON
STL,SOUTHALL
STM,ST MICHAELS
STN,STONEHAVEN
STO,SOUTH TOTTENHAM
STP,ST PANCRAS INTERNATIONAL
STQ,SOUTHAMPTON TOWN QUAY
STR,STRANRAER
STS,SALTASH
STT,STEWARTON
STU,STURRY
STV,STEVENSTON
STW,STRAWBERRY HILL
STY,STRATFORD PARKWAY
STZ,ST. PETERS
SUC,SUTTON COMMON
SUD,SUDBURY & HARROW ROAD
SUG,SUGAR LOAF
SUM,SUMMERSTON
SUN,SUNDERLAND
SUO,SUTTON (SURREY)
SUP,SUNDRIDGE PARK
SUR,SURBITON
SUT,SUTTON COLDFIELD
SUU,SUNBURY
SUY,SUDBURY
SVB,SEVERN BEACH
SVG,STEVENAGE
SVK,SEVEN KINGS
SVL,STAVELEY
SVR,SILVERDALE
SVS,SEVEN SISTERS
SWA,SWANSEA
SWB,SWAFFHAM MARKET PLACE
SWC,SWINDERBY A46 ROUNDABOUT
SWD,SWINDERBY
SWE,SWINESHEAD
SWF,SWANSEA DOCKS
SWG,SWAYTHLING
SWH,SHAFTESBURY TOWN HALL
SWI,SWINDON
SWK,SOUTHWICK
SWL,SWALE
SWM,SWANSCOMBE
SWN,SWINTON (S.YORKS)
SWO,SNOWDOWN
SWP,STRANRAER WEST PIER
SWR,STEWARTBY
SWS,SOUTH WIGSTON
SWT,SLAITHWAITE
SWY,SWAY
SXY,SAXILBY
SYA,STYAL
SYB,STALYBRIDGE
SYD,SYDENHAM
SYH,SYDENHAM HILL
SYL,SYON LANE
SYS,SYSTON
SYT,SOMERLEYTON
TAB,TAME BRIDGE PARKWAY
TAC,TACKLEY
TAD,TADWORTH
TAF,TAFFS WELL
TAH,TAMWORTH
TAI,TAIN
TAL,TALSARNAU
TAM,TAMWORTH LOW LEVEL
TAP,TAPLOW
TAT,TATTENHAM CORNER
TAU,TAUNTON
TAY,TAYNUILT
TBD,THREE BRIDGES
TBR,TILBURY RIVERSIDE
TBT,TARBERT
TBW,TUNBRIDGE WELLS
TBY,THORNABY
TCR,TOTTENHAM COURT ROAD
TDU,TONDU
TEA,TEES-SIDE AIRPORT
TED,TEDDINGTON
TEE,TIREE
TEN,TENBY
TEO,THEOBALDS GROVE
TEY,TEYNHAM
TFC,TELFORD CENTRAL
TGM,TEIGNMOUTH
TGS,TY GLAS
THA,THATCHAM
THB,THORNLIEBANK
THC,THURNSCOE
THD,THAMES DITTON
THE,THEALE
THH,THATTO HEATH
THI,THIRSK
THL,TILE HILL
THO,THORNFORD
THS,THURSO
THT,THORNTONHALL
THU,THURGARTON
THW,THE HAWTHORNS
TIL,TILBURY TOWN
TIM,TIMPERLEY
TIN,TINSLEY MEADOWHALL
TIP,TIPTON
TIR,TIR-PHIL
TIS,TISBURY
TLB,TALYBONT
TLC,TAL-Y-CAFN
TLH,TILEHURST
TLK,THE LAKES
TLS,THORPE-LE-SOKEN
TMC,TEMPLECOMBE
TNA,THORNTON ABBEY
TNF,TONFANAU
TNN,THORNE NORTH
TNP,TONYPANDY
TNS,THORNE SOUTH
TOB,TOBERMORY
TOD,TODMORDEN
TOK,THREE OAKS
TOL,TOLWORTH
TOM,TOTTENHAM HALE
TON,TONBRIDGE
TOO,TOOTING
TOP,TOPSHAM
TOT,TOTNES
TPB,THORPE BAY
TPC,THORPE CULVERT
TPN,TON PENTRE
TQY,TORQUAY
TRA,TRAFFORD PARK
TRB,TREHERBERT
TRD,TROED Y RHIW
TRE,TREFFOREST ESTATE
TRF,TREFFOREST
TRH,TREHAFOD
TRI,TRING
TRL,TRALEE
TRM,TRIMLEY
TRN,TROON
TRO,TROWBRIDGE
TRR,TORRE
TRS,THURSTON
TRU,TRURO
TRY,TREORCHY
TTA,TADWORTH (THE AVENUE)
TTF,THETFORD
TTH,THORNTON HEATH
TTN,TOTTON
TUH,TULSE HILL
TUL,TULLOCH
TUR,TURKEY STREET
TUT,TUTBURY & HATTON
TVA,TEES VALLEY AIRPORT
TVP,TIVERTON PARKWAY
TWB,TWEEDBANK
TWI,TWICKENHAM
TWN,TOWN GREEN
TWY,TWYFORD
TYC,TY CROES
TYG,TYGWYN
TYL,TYNDRUM LOWER
TYN,TYNE S.S.
TYP,TYNEMOUTH (METRO)
TYR,TYLORSTOWN
TYS,TYSELEY
TYW,TYWYN
UCK,UCKFIELD
UDD,UDDINGSTON
UHA,UPHALL
UHL,UPPER HOLLOWAY
UIG,UIG
ULC,ULCEBY
ULL,ULLESKELF
ULP,ULLAPOOL
ULV,ULVERSTON
UMB,UMBERLEIGH
UNI,UNIVERSITY
UNV,UNIVERSITY (SUNDERLAND)
UPH,UPPER HALLIFORD
UPL,UPHOLLAND
UPM,UPMINSTER
UPT,UPTON
UPW,UPWEY
URM,URMSTON
UTT,UTTOXETER
UTY,UPPER TYNDRUM
UWL,UPPER WARLINGHAM
VAE,VALLEY CENTERTAINMENT
VAL,VALLEY
VIC,LONDON VICTORIA
VIR,VIRGINIA WATER
VTN,VENTNOR BUS TERMINAL
VXH,VAUXHALL
WAC,WARRINGTON CENTRAL
WAD,WADHURST
WAE,LONDON WATERLOO (EAST)
WAF,WALLYFORD
WAL,WALTON-ON-THAMES
WAM,WALMER
WAN,WANBOROUGH
WAO,WALTON (MERSEYSIDE)
WAR,WARE
WAS,WATTON-AT-STONE
WAT,LONDON WATERLOO
WAV,WAVERTREE TECHNOLOGY PARK
WAW,WARRINGTON WEST
WBC,WATERBEACH
WBD,WHITLEY BRIDGE
WBE,WADEBRIDGE BUS STATION
WBG,WADSLEY BRIDGE RECP.
WBL,WARBLINGTON
WBO,WIMBLEDON CHASE
WBP,WEST BROMPTON
WBQ,WARRINGTON BANK QUAY
WBR,WHALEY BRIDGE
WBY,WEST BYFLEET
WCB,WESTCOMBE PARK
WCF,WESTCLIFF
WCH,WHITCHURCH (HANTS)
WCK,WICK
WCL,WEST CALDER
WCM,WICKHAM MARKET
WCP,WORCESTER PARK
WCR,WHITECRAIGS
WCT,WATCHET (WEST SOMERSET RY)
WCX,WEMBLEY STADIUM
WCY,WEST CROYDON
WDB,WOODBRIDGE
WDD,WIDDRINGTON
WDE,WOOD END
WDH,WOODHOUSE
WDL,WOODHALL
WDM,WINDERMERE
WDN,WALSDEN
WDO,WADDON
WDR,WOODLANDS ROAD
WDS,WOODLESFORD
WDT,WEST DRAYTON
WDU,WEST DULWICH
WDY,WOODLEY (HUNTERS INN)
WEA,WEST EALING
WED,WEDGWOOD
WEE,WEELEY
WEH,WEST HAM HIGH LEVEL
WEL,WELLINGBOROUGH
WEM,WEM
WEN,WELLS NEXT THE SEA
WEO,WEDGWOOD ENTRANCE OLD ROAD
WER,"WEDGWOOD, WEDGWOOD LANE"
WES,WESTERTON
WET,WEETON
WEY,WEYMOUTH
WFD,WATERFORD
WFF,WHIFFLET
WFH,WATFORD HIGH STREET
WFI,WESTERFIELD
WFJ,WATFORD JUNCTION
WFL,WAINFLEET
WFN,WATFORD NORTH
WGA,WESTGATE-ON-SEA
WGC,WELWYN GARDEN CITY
WGN,WIGAN NORTH WESTERN
WGR,WOODGRANGE PARK
WGT,WIGTON
WGV,WARGRAVE
WGW,WIGAN WALLGATE
WHA,WESTENHANGER
WHC,WALTHAMSTOW CENTRAL
WHD,WEST HAMPSTEAD
WHE,WHALLEY
WHG,WESTHOUGHTON
WHH,"WHITEHILL, PRINCE OF WALES"
WHI,WHITSTABLE
WHL,WHITE HART LANE
WHM,WHIMPLE
WHN,WHISTON
WHP,WEST HAMPSTEAD THAMESLINK
WHR,WEST HORNDON
WHS,WHYTELEAFE SOUTH
WHT,WHITCHURCH (CARDIFF)
WHX,WHITECHAPEL CROSSRAIL
WHY,WHYTELEAFE
WIC,WICKFORD
WID,WIDNES
WIH,WINCHMORE HILL
WIL,WILLINGTON
WIM,WIMBLEDON
WIN,WINCHESTER
WIS,WISBECH BUS STATION
WIT,LONDON WATERLOO (INT)
WIU,WITHAM ST HUGHES
WIV,WIVENHOE
WJH,WILLESDEN JN. HIGH LEVEL
WJL,WILLESDEN JN LOW LEVEL
WKB,WEST KILBRIDE
WKD,WALKDEN
WKF,WAKEFIELD WESTGATE
WKG,WORKINGTON
WKI,WEST KIRBY
WKK,WAKEFIELD KIRKGATE
WKL,WICKLOW
WKM,WOKINGHAM
WLC,WALTHAM CROSS
WLD,WEST ST LEONARDS
WLE,WHITTLESEA
WLF,WHITTLESFORD PARKWAY
WLG,WALLASEY GROVE ROAD
WLI,WELLING
WLM,WILLIAMWOOD
WLN,WELLINGTON (SHROPSHIRE)
WLO,MERSEYSIDE
WLP,WELSHPOOL
WLS,WOOLSTON
WLT,WALLINGTON
WLV,WALLASEY VILLAGE
WLW,WELWYN NORTH
WLY,WOODLEY
WMA,WEST MALLING
WMB,WEMBLEY CENTRAL
WMC,WILMCOTE
WMD,WYMONDHAM
WME,WOODMANSTERNE
WMG,WELHAM GREEN
WMI,WILDMILL
WML,WILMSLOW
WMN,WARMINSTER
WMP,WITNEY MARKET PLACE
WMR,WIDNEY MANOR
WMS,WEMYSS BAY
WMT,WEASTE (METROLINK)
WMW,WALTHAMSTOW QUEEN'S ROAD
WNC,WINDSOR & ETON CENTRAL
WND,WENDOVER
WNE,WILNECOTE
WNF,WINCHFIELD
WNG,WAUN-GRON PARK
WNH,WARNHAM
WNI,WINCHELSEA - NEW INN
WNL,WHINHILL
WNM,WESTON MILTON
WNN,WENNINGTON
WNP,WANSTEAD PARK
WNR,WINDSOR & ETON RIVERSIDE
WNS,WINNERSH
WNT,WANDSWORTH TOWN
WNW,WEST NORWOOD
WNY,WHITE NOTLEY
WOB,WOBURN SANDS
WOD,WOODBURN ROAD
WOF,WORCESTER FOREGATE STREET
WOH,WOLDINGHAM
WOK,WOKING
WOL,WOLVERTON
WOM,WOMBWELL
WON,WALTON-ON-THE-NAZE
WOO,WOOL
WOP,WORCESTERSHIRE PARKWAY LL
WOR,WORLE
WOS,WORCESTER SHRUB HILL
WOX,WORKINGTON (BUS STATION)
WPE,WAPPING
WPH,WORCESTERSHIRE PARKWAY HL
WPK,WIMBLEDON PARK
WPL,WORPLESDON
WRB,WRABNESS
WRE,WRENBURY
WRH,WORTHING
WRK,WORKSOP
WRL,WETHERAL
WRM,WAREHAM
WRN,WEST RUNTON
WRP,WARWICK PARKWAY
WRS,WRESSLE
WRT,WORSTEAD
WRU,WEST RUISLIP
WRW,WARWICK
WRX,WREXHAM GENERAL
WRY,WRAYSBURY
WSA,WEST ALLERTON
WSB,WESTBURY
WSE,WINCHELSEA
WSF,WINSFORD
WSG,WEST STREET
WSH,WISHAW
WSL,WALSALL
WSM,WESTON-SUPER-MARE
WSR,WOODSMOOR
WST,WOOD STREET
WSU,WEST SUTTON
WSW,WANDSWORTH COMMON
WTA,WESTER HAILES
WTB,WHITBY
WTC,WHITCHURCH (SHROPSHIRE)
WTE,WHITLOCKS END
WTF,WHITEFIELD
WTG,WATLINGTON
WTH,WHITEHAVEN
WTI,WINNERSH TRIANGLE
WTL,WHITLAND
WTM,WITHAM
WTN,WHITTON
WTO,WATER ORTON
WTP,WITTON PARK
WTR,WATERINGBURY
WTS,WHATSTANDWELL
WTT,WITTON
WTW,WEST COWES
WTY,WITLEY
WTZ,WHITBY BUS STATION
WVF,WIVELSFIELD
WVH,WOLVERHAMPTON
WVP,WATERLOOVILLE (PRECINCT)
WWA,WOOLWICH ARSENAL
WWC,WOOLWICH
WWD,WOOLWICH DOCKYARD
WWI,WEST WICKHAM
WWL,WHITWELL
WWO,WEST WORTHING
WWR,WANDSWORTH ROAD
WWW,WOOTTON WAWEN
WXC,WREXHAM CENTRAL
WXF,WEXFORD
WYB,WEYBRIDGE
WYE,WYE
WYL,WYLDE GREEN
WYM,WYLAM
WYQ,WEYMOUTH QUAY
WYT,WYTHALL
XAA,GALASHIELS BUS STATION
XAB,BRISTOL HSS
XAC,ABERDEEN CLAYHILLS CAR.M.D
XAD,DUNSTABLE
XAE,ABINGDON HIGH STREET
XAF,AVEBURY RED LION
XAH,CALLINGTON NEW ROAD
XAI,CALNE STRAND
XAJ,AMBERGATE JN
XAK,ALDERSBROOK UP C.H.S.
XAL,ALLERTON DEPOT
XAM,CULDROSE (R.N.A.S.)
XAN,AYNHO JN
XAO,CORSHAM NEWLANDS ROAD
XAP,DARTMOUTH PONTOON
XAQ,DEVIZES MARKET PLACE
XAR,AYR C.S.D.
XAS,FOWEY SAFE HARBOUR HOTEL
XAT,ARDROSSAN E.M.U. SDG
XAU,FROME POST OFFICE
XAV,HELSTON (WOOLWORTHS)
XAW,KINGSBRIDGE QUAY
XAX,ACTON T.C.
XAY,ABBOTSWOOD JN
XAZ,LAUNCESTON WESTGATE STREET
XBA,BROWNHILL JN
XBB,BELFAST G.P.O.
XBD,"LYNEHAM CAMP, MAIN GATE"
XBE,HEATON PARK BUS STOP
XBF,BARROW C.S.
XBG,BOTANIC GARDENS D.M.U.D.
XBH,MARLBOROUGH HIGH STREET
XBI,LOVERS WALK T&R.S.M.D
XBJ,BUSHBURY JN
XBK,GREEN LANE JN.
XBL,BLETCHLEY C.S.
XBM,BOURNEMOUTH T&R.S.M.D
XBN,BOGNOR REGIS C.H.S.
XBO,MELKSHAM MARKET PLACE
XBP,BRIGHTON DOWN SIDING
XBQ,BLETCHLEY T.M.D.
XBR,MIDSOMER NORTON TOWN HALL
XBS,BASINGSTOKE BARTN ML C.S.D
XBT,BASINGSTOKE DOWN YARD
XBU,BUCKLEY WELLS CS(E.L.RLY)
XBV,MINEHEAD BUTLINS
XBW,MINEHEAD BANCKS STREET
XBX,BELFAIRS BUS
XBY,BESCOT DOWN SIDE
XBZ,BASINGSTOKE WEST YARD
XCA,CAMBRIDGE T.&R.S.M.D.
XCC,CARDIFF CANTON SIDINGS
XCE,CHEETHAM HILL C.S.
XCF,CARDIFF INTERNATIONAL APT
XCG,OKEHAMPTON GOING PLACES
XCH,CHESTER D.M.U.D.
XCI,CARMARTHEN JN
XCJ,CLUNYBRIDGE JN
XCK,CORKERHILL C.S.M.D.
XCL,PERRANPORTH BEACH ROAD
XCM,CAMDEN C.S.D.
XCN,CRAIGENTINNY T.&R.S.M.D
XCO,COLWICH
XCP,CLAPHAM JN. C.S.
XCQ,"CHINNOR, THE RED LION"
XCR,CREWE C.S.
XCS,CARNFORTH D&U.G.L.
XCT,CREWE SOUTH YARD
XCU,STREET LEIGH RD/CRISPIN HA
XCV,TAVISTOCK BUS STATION
XCW,COWES THETIS WHARF
XCX,ALSTONE C. SIDINGS
XCY,TINTAGEL LANGLEY'S SHOP
XCZ,CHESTER YARD
XDA,TIVERTON BUS STATION
XDB,BIRKENHEAD NORTH E.M.U.D
XDC,WANTAGE MARKET PLACE
XDD,CASTLE DONINGTON
XDE,DUNDEE H.S.
XDF,BASINGSTOKE DN E END SDG
XDG,EDGE HILL DOWN WAPPING
XDH,"WELLS, PRINCES ROAD"
XDI,WOOTTON BASSETT HIGH ST.
XDJ,PLYMOUTH SALTASH ROAD
XDK,SWINDON BUS STATION
XDL,LANDORE T.M.D.
XDM,CHIPPENHAM COCKLEBURY ROAD
XDN,CHIPPENHAM NEW RD BUS STOP
XDO,BATH BUS STATION
XDP,TOTNES DOWN STN FORECOURT
XDQ,TAUNTON STATION FORECOURT
XDR,PAR STATION ROAD
XDS,WESTBURY STATION APPROACH
XDT,DARTFORD C.S.
XDU,BRISTOL T.M. STN. APPROACH
XDV,BRIGHTON L.H.S
XDW,BEDFORD BUS STATION
XDX,CULLOMPTON MARKET HOUSE
XDY,DUNSTER STEEP
XEA,GLASTONBURY TOWN HALL
XEB,EASTBOURNE C.S.
XEC,CAMBRIDGE PARKSIDE
XED,EASTFIELD H.S.
XEE,HOLSWORTHY LIBRARY
XEF,MEVAGISSEY TREVORTH
XEG,EDGE HILL DEPOT
XEH,EASTLEIGH TRSMD
XEI,ST NEOTS CAMBRIDGE STREET
XEJ,EFFINGHAM JN. C.H.S.
XEK,MORETONHAMPSTEAD COURT ST.
XEM,EAST HAM E.M.U.D.
XEN,EUSTON R.E.S.
XEO,PORTHCAWL JOHN STREET
XEP,ETCHES PARK SDGS
XEQ,RADSTOCK VICTORIA HALL
XES,ENGINE SHED JN.
XET,NUTFIELD (MEMORIAL HALL)
XEU,EUSTON UP CARRIAGE SHED
XEV,CHART LEACON T&R.S.M.D
XEW,ALLBROOK
XEX,EASTLEIGH D.C.S.
XEY,BUCKINGHAM TESCO
XEZ,BICESTER BURE PLACE
XFA,FALKLAND S.S.
XFB,EASTLEIGH ARLINGTON (ZG)
XFC,FENNY COMPTON
XFD,FERME PARK RECP.
XFE,FOLKSTONE EAST C.H.S.
XFF,EFFINGHAM JUNCTION NECK
XFG,BIRMINGHAM AIRPORT (BUS)
XFH,FISHGUARD HARBOUR SIDING
XFI,EAST MIDS AIPORT (BUS) 2
XFJ,EDEN PROJECT
XFK,EPSOM - UP SIDINGS
XFL,EXETER NEW YARD
XFM,FARNHAM C.S.D.
XFN,FARNHAM EMU SIDINGS
XFO,GOODRINGTON C.H.S
XFQ,GUILDFORD U.C.H.S.
XFR,FRATTON C.S.D.
XFS,NORTHAM C.S.D.
XFT,POOLE S. S.
XFU,SALISBURY T&R.S.M.D
XFV,SALISBURY WEST C.S.
XFW,SOUTHAMPTON DOWN LOOP
XFX,SOUTHAMPTON UP GOODS LOOP
XFY,STAINES C.H.S.
XFZ,STAINES UP LOOP
XGA,WAREHAM DOWN SIDING
XGB,WEYMOUTH JERSEY SIDING
XGC,WINCHESTER BALTIC SIDING
XGD,BOUNDS GREEN T&R.S.M.D
XGE,WOKING EAST END SIDINGS
XGF,WOKING UP C.H.S.
XGG,WOKINGHAM DOWN SIDING
XGH,WOLVERTON WORKS
XGI,GILLINGHAM E.M.U.D.
XGJ,GALTON JN
XGK,YEOVIL JN DOWN MAIN SDG
XGL,PORTSMOUTH & S'SEA D.C.S
XGM,GRANGEMOUTH JN
XGN,WOOLMER GREEN JN.
XGO,CATTERICK CAMP CENTRE
XGP,GROVE PARK C.H.S.
XGS,GRETNA JN
XGT,GATWICK AIRPORT C.H.S.
XGU,GLOUCESTER ROAD JUNCTION
XGW,SHIELDS T.M.D. (E)
XGX,SLADE GREEN COUNTRY EXIT
XGZ,GOATHLAND
XHA,HAYMARKET DEPOT
XHB,HORBURY BOMBARDIER
XHC,HATTON CROSS
XHD,HYNDLAND LOOP
XHE,HORNSEY E.M.U.D.
XHF,HOTHFIELD SIDING
XHG,HITHER GREEN DOWN RECP.
XHH,CANVEY HAYSTACK CORNER
XHI,HITHER GREEN P.A.D.
XHJ,HOO JUNCTION UP YARD
XHK,HENWICK
XHL,BRISTOL BARTON HILL W.R.D.
XHM,HEALEY MILLS S.S.
XHN,HANSLOPE JN
XHO,HOLME JN.
XHP,HERTFORD NORTH DOWN CS
XHQ,HERTFORD NTH C.H.S.
XHR,HALL ROAD E.M.U.D.
XHS,HORNSEY C.H.S.
XHT,HEATON T&R.S.M.D.
XHU,HARRINGAY UP REV SDGS
XHV,HAWORTH
XHW,HIRWAUN BUS (CLOCK)
XHX,HITHER GREEN LOCO SDGS
XHY,HITCHIN ENGINEERS YARD
XHZ,HIGHBURY AND ISLINGTON ELL
XIA,PARK LANE JN WEST MIDS
XIB,BOURG ST MAURICE
XIC,CANONBURY ELL
XIE,ASHFORD EAST JN (CTRL)
XIF,ILFORD E.M.U.D.
XIL,WILLINGDON JN
XIM,AMINGTON JUNCTION
XIP,IPSWICH C.S.D.
XIQ,IPSWICH RECP.
XIR,BORDESLEY JN
XIT,TEBAY
XIV,INVERNESS MOTORAIL SDG
XIW,ASHFORD WEST JN (CTRL)
XJB,BENHAR JN
XJC,CANONBURY WEST JN
XJF,FOXHALL JN
XJN,FAWKHAM JN NR/CTRL BNDRY
XJR,JUNCTION ROAD JN
XJS,STOATS NEST JN.
XJV,BICESTER SOUTH JUNCTION
XKB,BELLE ISLE
XKC,CAERAU PARK
XKE,NORTH KENT EAST JN
XKG,KENSAL GREEN JN
XKI,KINGSBURY JN
XKK,KIRKDALE C.S.
XKL,KINGS LYNN CARRIAGE SIDNGS
XKM,KEYMER JN
XKS,KENSAL GREEN C.SERV.PLT.
XKW,BLACKWOOD
XKY,CARLISLE N.Y.
XLA,LEVISHAM
XLB,LEEDS BRADFORD AIRPORT
XLC,CLACTON C.S.D.
XLD,LEEDS FESTIVAL BUS
XLE,LETCHWORTH C.S.D
XLF,CLIFFE BRETT MARINE
XLG,COLCHESTER C.S.D.
XLI,MCHESTER INTERNATIONAL DEP
XLJ,BRICKLAYERS ARMS JN
XLK,LOSTOCK JN
XLL,LETCHWORTH A/D LINE
XLM,DOLLANDS MOOR SDGS
XLN,CHOLSEY & WALLINGFORD RLY
XLO,LOUGHBOROUGH UNIVERSITY
XLP,COLCHESTER T.C.
XLQ,CANVEY LEIGH BECK
XLR,CANVEY LINK ROAD & DINANT
XLS,LOSTOCK HALL JN
XLT,TUEBROOK SIDINGS
XLU,BISHOPS LYDEARD HITHERMEAD
XLV,LIVERPOOL CENTRAL (WIRRAL)
XLW,LLANDRINDOD CROSSING
XLX,LANDOR STREET JN
XLY,BICKLEY JN
XLZ,LAIRA T.& R.S.M.D.
XMA,SWANSEA MALIPHANT CSD
XMB,MITRE BRIDGE JN
XMC,MACHYNLLETH CARR. SDGS
XMD,MADELEY JN (SALOP)
XMF,MINSTER EAST JN.
XMG,MOUNT GOULD JN
XMH,MOTHERWELL WEIGHS C.H.S.
XMI,COPPERMILL JUNCTION
XMJ,MANTON JN
XMK,METROPOLITAN JN
XML,LONGSIGHT CAR. M.D.
XMN,MALVERN WELLS
XMO,MOUNTFIELD SIDINGS
XMP,BRIGHTON MONTPELIER C.H.S.
XMR,MOORFIELDS
XMS,MOSSEND
XMT,DARTMOUTH
XMU,ST MARY CRAY JN
XMW,MOTHERWELL DERBY C.S.
XMX,MOUNTFIELD SIDINGS (GBRF)
XNC,NORWICH C.PT. T.&R.S.M.D
XND,NORTHAMPTON EMD
XNE,BIRMINGHAM INT'L BUS STN
XNF,CROES NEWYDD NORTH FORK
XNJ,NEASDEN SOUTH JN
XNK,NEWARK F.C.
XNL,NEVILLE HILL T&R.S.M.D
XNN,NEWTON HEATH T.M.D.
XNP,NORTH POLE INTERNATIONAL
XNS,BLACKPOOL NORTH CAR. M.D.
XNY,NORWICH STN C.S.D.
XOA,CARNFORTH NORTH JN
XOB,OXENHOPE
XOD,LEDBURN JN
XOE,BOURNE END JN (HERTS)
XOF,GOSPORT FERRY
XOH,SMALL HEATH SOUTH JN
XOI,LICHFIELD NORTH JN (LL)
XOK,OLD OAK COMMON C.S.
XOL,OLD OAK COMMON T.M.D.
XOM,ORTON MERE
XON,ST ANDREWS JN (WEST MIDS)
XOO,OLD OAK COMMON H.S.T.D.
XOP,BOPEEP JN S.B.
XOR,SHORTLANDS JN
XOS,SOHO SOUTH JN
XOT,OTFORD JN
XOU,EUXTON JN
XOW,BOW JUNCTION
XOX,OXFORD DOWN CARRIAGE SDG
XOY,OXLEY CAR. M.D.
XOZ,PROOF HOUSE JN
XPA,PARKESTON S.S.
XPB,BRISTOL INTERNATL AIRPORT
XPC,CANTON SIDINGS
XPD,POLMADIE D.H.S.
XPE,PETTS WOOD JN
XPF,PRINCETOWN SQUARE
XPH,PERTH C.S.D.
XPJ,PORTOBELLO JN (WEST MIDS)
XPK,PICKERING
XPM,ST PHILIPS MRSH H S T D
XPN,PETERBORO NENE C.H.S
XPQ,P'BORO EASTFIELD JN.
XPS,PLUMSTEAD C.H.S.
XPT,PRESTON C.S.
XPU,PRESTON UP GOODS LOOP
XPW,PETERBOROUGH WEST YARD
XPY,PARKS BRIDGE JN
XPZ,PENYWAUN BUS
XQC,QUEENBOROUGH CAR LDG SDGS
XQS,QUEENBOROUGH SHIPBLDNG YD
XQW,WHITACRE JN
XQY,QUEENBOROUGH YARD
XRA,PERRY BARR NORTH JN
XRD,RYDE HOVERPORT
XRE,RAMSGATE E.M.U.D.
XRF,CROFTON DEPOT
XRH,SOUTHERHAM JN
XRJ,ROCHESTER BRIDGE JN
XRK,ARDWICK T.M.D
XRL,LOW ROW S.B.
XRN,WILLESDEN PRDC
XRO,RETFORD LOW LEVEL
XRT,DARTFORD JN
XSA,SANDRINGHAM NORWICH GATES
XSD,SPEKELAND ROAD
XSE,ST LEONARDS WM CSD.
XSF,STOURBRIDGE JN GOODS LOOP
XSG,BURY STREET JN
XSH,SELHURST T&R.S.M.D
XSI,SALTWOOD JN
XSJ,SWINDON TRANSFER
XSK,SOUTHAMPTON WESTERN DOCKS
XSL,STEWARTS LANE T&R.S.M.D
XSM,ST LEONARDS RLY ENG LTD
XSN,SOUTHAMPTON EASTERN DOCKS
XSO,SOUTHWOLD BUS
XSP,SHEPRETH BRANCH JN
XSQ,SWANLEY C.H.S.
XSR,SPRINGHEAD JUNCTION (CTRL)
XSS,STREATHAM HILL C.S.D.
XSU,SPA ROAD JN
XSV,STRATFORD OLD YD. C.H.S.
XSW,STOKE WORKS JN
XSX,STRAWBERRY HILL C.S.D.
XSY,SHREWSBURY ABBEY FOREGATE
XSZ,SOHO L.M.D.
XTA,TEMPLE MILLS EAST JN.
XTB,THREE BRIDGES VOYAGER M.D.
XTE,THORNABY T.M.D. (E.W.S.)
XTG,TRENT SOUTH JN
XTH,STANSTED AIRPORT BUS STOP
XTJ,THORNTON H.S.
XTL,ABERTILLERY
XTM,TEMPLE MILLS S.S.
XTN,UP REDHILL BRANCH C.H.S.
XTO,TRECYNON BUS
XTP,DOLLANDS MOOR T.P.L.
XTR,TRENT EAST JN
XTS,TYSELEY L.M.D.
XTT,LINCOLN TERRACE C.H.S.
XTV,TREDEGAR BUS
XTW,TONBRIDGE WEST YARD
XTX,ORIENT WAY CS
XUK,BUCKLAND JN
XUM,UPPERBY T.M.D.
XUN,BARTON UNDER NEEDWOOD RSMD
XUP,UPMINSTER
XVC,VICTORIA C.H.S.
XVE,OXFORD WESTGATE
XVJ,VOLTAIRE ROAD JN.
XVR,VICTORIA CARRIAGE ROAD
XVS,MANCHESTER VICTORIA H.S.
XVT,SEVINGTON SIDINGS
XWA,WATERLOO C.H.S.
XWD,WIMBLEDON C.H.S.
XWE,WICHNOR JN
XWF,WEMBLEY INTER CITY DEPOT
XWG,WIGAN WALLGATE UP C.S.
XWH,WHITLINGHAM JN
XWI,WILLESDEN WEST LONDN JN
XWJ,WEYMOUTH C.H.S.
XWK,FAWKHAM JUNCTION
XWM,WIGAN L.I.P.
XWO,WOKING C.H.S.
XWP,WIMBLEDON PARK C.S.D.
XWQ,WOKING DOWN RECP
XWR,WORCESTER L.M.D.
XWS,WILLESDEN S.W.S.
XWT,WAVERTREE P.C.D. (OOU)
XWU,WARWICK UNIVERSITY
XWV,DONCASTER WEST YARD
XWW,WEST WORTHING SHED
XWX,WALLINGFORD MARKET PLACE
XWY,WEMBLEY LMD
XWZ,WEEDON
XXA,ARUNDEL JN
XXB,CHARING CROSSOVER (CTRL)
XXC,CREWE BAS HALL S.S.N.
XXD,CHATHAM DOCKYARD
XXE,WASHWOOD HEATH MET.CAMMEL
XXF,EXETER ST DAVIDS FP
XXG,CRISMILL CROSSOVER
XXH,DAGENHAM JUNCTION
XXI,EBBSFLEET E JN
XXJ,EBBSFLEET W JN
XXK,LENHAM CROSSOVER (CTRL)
XXL,NASHENDEN CROSSOVER
XXM,CREWE BAS HALL S.S.M.
XXN,SINGLEWELL CROSSOVER
XXO,SOUTHFLEET JUNCTION
XXP,SOUTHFLEET CROSSOVER
XXQ,STRATFORD INTL E JN
XXR,STRATFORD INTL W JN
XXS,SHEERNESS STEEL WORKS
XXT,EXETER AIRPORT
XXU,WENNINGTON CROSSOVERS
XXV,YORK WAY NORTH JN
XXW,WILLESDEN NO7
XXX,WESTENHANGER CROSSOVERS
XXY,YORK WAY SOUTH JUNCTION
XYA,YARMOUTH C.H.S.
XYB,BLETCHLEY YARD
XYC,CRAWLEY NEW YARD
XYD,YOKER C.S.
XYE,ELY NORTH JN
XYJ,WEAVER JN
XYK,YORK SIEMENS TRANS SYSTEMS
XYM,CLAPHAM YARD
XYR,CHURCHYARD SDGS CASTLE CEM
XYS,YORK YARD STH S.S.
XYT,PENRHYS (ROUNDABOUT)
XYW,WELWYN G.C C.S.D.
XYX,E MIDS DESIGNER OUTLET
YAE,YATE
YAL,YALDING
YAT,YATTON
YEO,YEOFORD
YET,YETMINSTER
YMH,YARMOUTH (I.O.W.)
YNW,YNYSWEN
YOK,YOKER
YRD,YARDLEY WOOD
YRK,YORK
YRM,YARM
YRT,YORTON
YSM,YSTRAD MYNACH
YSR,YSTRAD RHONDDA
YVB,YEOVIL BUS STATION
YVJ,YEOVIL JUNCTION
YVP,YEOVIL PEN MILL
ZAD,LONDON ALDGATE
ZAE,ALDGATE EAST LT
ZBB,BARBICAN
ZBQ,BARONS COURT LT
ZBS,LONDON BAKER STREET
ZBW,BROMLEY-BY-BOW LT
ZBZ,BECONTREE
ZCK,COCKFOSTERS LUL
ZCO,CROXLEY (LUL)
ZCW,CANADA WATER
ZDB,DEPTFORD BRIDGE DLR
ZDE,DAGENHAM EAST L.T.
ZED,EDGWARE (LUL)
ZEH,EAST HAM LT
ZEK,EMBANKMENT LT
ZEL,ELEPHANT & CASTLE (LT)
ZEO,BERMONDSEY LRT
ZET,EARLS COURT L.T.
ZFD,FARRINGDON
ZFR,FINCHLEY ROAD LT
ZHA,HAMMERSMITH (DISTRICT) LUL
ZHB,HIGH BARNET LUL
ZHD,HILLINGDON LT
ZHJ,HEATHROW UNDERGROUND
ZHR,HOLLOWAY ROAD L.T.
ZHS,KENSINGTON HIGH ST L.T.
ZKB,BARKING L.T.
ZKP,KILBURN PARK LT
ZLW,WHITECHAPEL
ZMG,MOORGATE LT
ZMH,MANSION HOUSE LT
ZMP,MOOR PARK
ZMV,MAIDA VALE LT
ZNA,NORTH ACTON LT
ZNP,NEWBURY PARK
ZPC,LONDON PICCADILLY CIRCUS
ZPS,PLAISTOW L.T.
ZPU,EAST PUTNEY
ZRE,REDBRIDGE LT STATION
ZRY,ROYAL OAK (LUL)
ZSI,SOUTH WIMBLEDON LT
ZSK,SOUTH KENSINGTON LT
ZSM,STANMORE (LUL)
ZTG,TOWER GATEWAY DLR
ZTH,TOWER HILL L.T.
ZTU,TURNHAM GREEN LT
ZUM,UPMINSTER L.T.
ZWA,WATERLOO LUL
ZWT,WATFORD LUL
ZWV,WARWICK AVENUE LT
ZWZ,WEST HAM LT
